[
null,
{"id":1,"expanded":false,"name":"医院1楼","order":9,"parentId":10,"scrollX":1696.5,"scrollY":954.75},
{"id":2,"expanded":false,"name":"郊区森林","order":12,"parentId":3,"scrollX":1696.5,"scrollY":954.75},
{"id":3,"expanded":true,"name":"World Map","order":10,"parentId":0,"scrollX":1696.5,"scrollY":954.75},
{"id":4,"expanded":false,"name":"@SPAWN_MAP","order":11,"parentId":3,"scrollX":1696.5,"scrollY":954.75},
{"id":5,"expanded":false,"name":"uAPI","order":3,"parentId":10,"scrollX":1081.3333333333333,"scrollY":768.6666666666666},
{"id":6,"expanded":false,"name":"Church","order":13,"parentId":3,"scrollX":1696.5,"scrollY":954.75},
{"id":7,"expanded":false,"name":"MAP007","order":14,"parentId":3,"scrollX":1696.5,"scrollY":954.75},
null,
null,
{"id":10,"expanded":false,"name":"Demo","order":1,"parentId":0,"scrollX":1081.3333333333333,"scrollY":614},
null,
{"id":12,"expanded":false,"name":"SActions","order":2,"parentId":10,"scrollX":1081.3333333333333,"scrollY":614},
null,
{"id":14,"expanded":false,"name":"Exp","order":4,"parentId":10,"scrollX":1696.5,"scrollY":954.75},
{"id":15,"expanded":false,"name":"VisionRegions","order":5,"parentId":10,"scrollX":1081.3333333333333,"scrollY":614},
null,
null,
null,
null,
null,
{"id":21,"expanded":false,"name":"VectorBlock","order":6,"parentId":10,"scrollX":1081.3333333333333,"scrollY":614},
null,
null,
null,
null,
null,
{"id":27,"expanded":false,"name":"EnemyLoot","order":7,"parentId":10,"scrollX":1696.5,"scrollY":1013.25},
null,
null,
null,
null,
null,
{"id":33,"expanded":false,"name":"NoMove|NoApproach","order":8,"parentId":10,"scrollX":1696.5,"scrollY":954.75}
]