{
    "position": [
        "Graphics.width - 260",
        "(Graphics.height / 2) - 160"
    ],
    "visible": true,
    "openInventorySE": null,
    "backgroundImg": "inventoryBackground",
    "headerBackImg": "inventoryHeaderBackground",
    "isCloseButtonVisible": true,
    "closeButtonMarginX": 204,
    "closeButtonMarginY": 16,
    "closeButtonImg": "inventoryCloseBtn_00",
    "closeButtonHoverImg": "inventoryCloseBtn_01",
    "icon": "inventoryIcon",
    "iconMarginX": 20,
    "iconMarginY": 20,
    "categoryButtonsMarginX": 73,
    "categoryButtonsMarginY": 17,
    "categoryButtonMarginBetween": 26,
    "categoryButtonImg": "inventoryCategoryBtn_00",
    "categoryButtonHoverImg": "inventoryCategoryBtn_01",
    "categoryButtonSelectedImg": "inventoryCategoryBtn_03",
    "categoriesIcons": [
        "inventoryCategory_iconItems",
        "inventoryCategory_iconWeapons",
        "inventoryCategory_iconArmor",
        "inventoryCategory_iconKeys"
    ],
    "itemName": {
        "textBoxWidth": 210,
        "textBoxHeight": 22,
        "visible": true,
        "marginX": 20,
        "marginY": 48,
        "position": "center",
        "outlineColor": null,
        "outlineWidth": 2,
        "fontFace": "Arial",
        "textColor": "#ba9059",
        "fontSize": 16,
        "fontItalic": false
    },
    "invCellStartPosition": [27, 74],
    "invCellMarginX": 39,
    "invCellMarginY": 41,
    "invCellCornerPosition": [2, 17],
    "cellItemCountText": {
        "textBoxWidth": 20,
        "textBoxHeight": 18,
        "visible": true,
        "marginX": 15,
        "marginY": 4,
        "position": "right",
        "outlineColor": null,
        "outlineWidth": 2,
        "fontFace": "Consolas",
        "textColor": "#bfbfbf",
        "fontSize": 12,
        "fontItalic": false
    },
    "cellItemSpecialText": {
        "textBoxWidth": 20,
        "textBoxHeight": 18,
        "visible": true,
        "marginX": 3,
        "marginY": 3,
        "position": "left",
        "outlineColor": null,
        "outlineWidth": 3,
        "fontFace": "Consolas",
        "textColor": "#b9a996",
        "fontSize": 12,
        "fontItalic": false
    },
    "cellEquipmentSymbol": "E",
    "goldIcon": "inventoryGoldIcon",
    "goldIconPosition": [26, 290],
    "goldText": {
        "textBoxWidth": 80,
        "textBoxHeight": 22,
        "visible": true,
        "marginX": 48,
        "marginY": 290,
        "position": "left",
        "outlineColor": null,
        "outlineWidth": 2,
        "fontFace": null,
        "textColor": "#786d61",
        "fontSize": 16,
        "fontItalic": false
    },
    "pageArrowLeftInSectionPos": [154, 290],
    "pageArrowRightInSectionPos": [202, 290],
    "pageText": {
        "textBoxWidth": 40,
        "textBoxHeight": 20,
        "visible": true,
        "marginX": 166,
        "marginY": 290,
        "position": "center",
        "outlineColor": null,
        "outlineWidth": 2,
        "fontFace": "Consolas",
        "textColor": "#786d61",
        "fontSize": 16,
        "fontItalic": false
    },
    "helpWindow": {
        "showDelay": 25,
        "width": 280,
        "height": 182,
        "marginX": 37,
        "marginY": 37,
        "backgroundColor": "#000000",
        "backgroundOpacity": 235,
        "cornerPositions": {
            "topLeft": [17, -5],
            "topRight": [263, -5],
            "downLeft": [17, 129],
            "downRight": [263, 127]
        },
        "itemCostText": {
            "textBoxWidth": 40,
            "textBoxHeight": 20,
            "visible": true,
            "marginX": 205,
            "marginY": 2,
            "position": "right",
            "outlineColor": null,
            "outlineWidth": 2,
            "fontFace": "Tahoma",
            "textColor": "#b1530f",
            "fontSize": 16,
            "fontItalic": false
        },
        "goldIconPosition": [248, 2],
        "itemNameText": {
            "textBoxWidth": 160,
            "textBoxHeight": 24,
            "visible": true,
            "marginX": 16,
            "marginY": 4,
            "position": "left",
            "outlineColor": null,
            "outlineWidth": 2,
            "fontFace": "Arial Black",
            "textColor": "#ba9059",
            "fontSize": 17,
            "fontItalic": false
        },
        "itemTypeText": {
            "textBoxWidth": 120,
            "textBoxHeight": 20,
            "visible": true,
            "marginX": 16,
            "marginY": 32,
            "position": "left",
            "outlineColor": null,
            "outlineWidth": 2,
            "fontFace": "Consolas",
            "textColor": "#FFFFFF",
            "fontSize": 15,
            "fontItalic": false
        },
        "consumableTypeText": "Consumable Item",
        "defaultTypeColors": {
            "consumableItem": "#4cbda9",
            "normalItem": "#DDDDDD",
            "keyItem": "#B0B000",
            "weapon": "#bd4cb4",
            "armor": "#5EBD8B"
        },
        "descriptionWindow": {
            "x": 0,
            "y": 34,
            "width": 260,
            "height": 260,
            "fontFace": "Consolas",
            "fontSize": 13
        },
        "clickHelpText": {
            "textBoxWidth": 120,
            "textBoxHeight": 20,
            "visible": true,
            "marginX": 34,
            "marginY": 148,
            "position": "left",
            "outlineColor": null,
            "outlineWidth": 2,
            "fontFace": "Tahoma",
            "textColor": "#67625b",
            "fontSize": 13,
            "fontItalic": false
        },
        "helpIconPosition": [16, 148],
        "helpUseItemText": "Use Item",
        "helpEquipItemText": "Equip",
        "helpUnEquipItemText": "UnEquip",
        "weighIconPosition": [248, 27],
        "itemWeightText": {
            "textBoxWidth": 40,
            "textBoxHeight": 20,
            "visible": true,
            "marginX": 205,
            "marginY": 28,
            "position": "right",
            "outlineColor": null,
            "outlineWidth": 2,
            "fontFace": "Consolas",
            "textColor": "#DDDDDD",
            "fontSize": 15,
            "fontItalic": false
        },
        "qualityIconPosition": [248, 150],
        "itemQualityText": {
            "textBoxWidth": 80,
            "textBoxHeight": 20,
            "visible": true,
            "marginX": 185,
            "marginY": 148,
            "position": "right",
            "outlineColor": null,
            "outlineWidth": 2,
            "fontFace": "Tahoma",
            "textColor": "#D59731",
            "fontSize": 14,
            "fontItalic": false
        }
    },
    "partySelectorHpGauge": {
        "position": [
            6,
            52
        ],
        "visible": true,
        "width": 46,
        "height": 5,
        "fillColor": "#A31826",
        "foregroundImg": "PartySelectorGaugeForeground",
        "backgroundColor": "#5C5C5C",
        "backgroundOpacity": 180
    },
    "partySelectorMpGauge": {
        "position": [
            6,
            52
        ],
        "visible": true,
        "width": 46,
        "height": 5,
        "fillColor": "#1737A4",
        "foregroundImg": "PartySelectorGaugeForeground",
        "backgroundColor": "#5C5C5C",
        "backgroundOpacity": 180
    },
    "partySelectorTpGauge": {
        "position": [
            6,
            52
        ],
        "visible": true,
        "width": 46,
        "height": 5,
        "fillColor": "#18A35A",
        "foregroundImg": "PartySelectorGaugeForeground",
        "backgroundColor": "#5C5C5C",
        "backgroundOpacity": 180
    },
    "partySelectorEquipIcons": {
        "nothingEquippedIcon": 16,
        "marginX": 34,
        "marginY": 34
    },
    "availableCategories": {
        "items": true,
        "weapons": true,
        "armors": true,
        "keyItems": true
    },
    "screenOutSafeMargin": 10,
    "itemSliderSettings": {
        "sliderCellMarginX": -50,
        "sliderCellMarginY": 44,
        "sliderOkButtonMarginX": 0,
        "sliderOkButtonMarginY": 66,
        "sliderMarginX" : 10,
        "sliderMarginY" : -8,
        "sliderDX" : 12,
        "zoneDY" : 10
    },
    "cellItemSliderCountText": {
        "textBoxWidth": 36,
        "textBoxHeight": 36,
        "visible": true,
        "marginX": -8,
        "marginY": 7,
        "position": "right",
        "outlineColor": null,
        "outlineWidth": 3,
        "fontFace": "Consolas",
        "textColor": "#FFFFFF",
        "textColor2": "#FF0000",
        "fontSize": 24,
        "fontItalic": false
    },
    "extraFooter": "inventoryExtraFooter",
    "extraFooterPosition": [0, 315],
    "weightIcon": "inventoryWeightIcon2",
    "weightIconPosition": [24, 322],
    "weightText": {
        "backgroundFill": null,
        "textBoxWidth": 100,
        "textBoxHeight": 22,
        "visible": true,
        "marginX": 54,
        "marginY": 322,
        "position": "left",
        "outlineColor": null,
        "outlineWidth": 2,
        "fontFace": "Consolas",
        "textColor": "#D59731",
        "textColor2": "#FF0000",
        "fontSize": 16,
        "fontItalic": false
    },
    "ScreenButtonSettings": {
        "position": [
            "Graphics.width - 90",
            "Graphics.height - 80"
        ],
        "labelText": ["Inventory", 20, 0],
        "mainImg": "Button_Inventory_00",
        "hoverImg": "Button_Inventory_01",
        "pressedImg": "Button_Inventory_02",
        "disabledImg": "Button_Inventory_03"
    },
    "QualitySystem": {
        "qualityIcon": null,
        "Levels": [
            ["[Basic]", "#DDDDDD"],
            ["[Good]", "#18A35A"],
            ["[Rare]", "#1737A4"],
            ["[Epic]", "#D59731"]
        ]
    },
    "EquipmentStats": {
        "position": [10, 60],
        "statsBackImage": "inventory_equipStatsBack",
        "stats": {
            "atk": {
                "visible": true,
                "position": [52, 5]
            },
            "def": {
                "visible": true,
                "position": [52, 32]
            },
            "agi": {
                "visible": true,
                "position": [52, 55]
            },
            "mat": {
                "visible": true,
                "position": [170, 5]
            },
            "mdf": {
                "visible": true,
                "position": [170, 32]
            },
            "luk": {
                "visible": true,
                "position": [170, 55]
            }
        },
        "statHightColor": "#18A35A",
        "statLowerColor": "#D70000",
        "statTextColor": "#DDDDDD",
        "statText": {
            "textBoxWidth": 46,
            "textBoxHeight": 20,
            "visible": true,
            "marginX": 0,
            "marginY": 0,
            "position": "center",
            "outlineColor": null,
            "outlineWidth": 2,
            "fontFace": "Tahoma",
            "textColor": "#DDDDDD",
            "fontSize": 15,
            "fontItalic": false
        },
        "helpIconPosition": [150, 148],
        "helpIconText": "States",
        "statsHelpText": {
            "textBoxWidth": 120,
            "textBoxHeight": 20,
            "visible": true,
            "marginX": 168,
            "marginY": 148,
            "position": "left",
            "outlineColor": null,
            "outlineWidth": 2,
            "fontFace": "Tahoma",
            "textColor": "#67625b",
            "fontSize": 13,
            "fontItalic": false
        }
    }
}