[
null,
{"id":1,"list":[{"code":0,"indent":0,"parameters":[]}],"name":"-----Reserved","switchId":1,"trigger":0},
{"id":2,"list":[{"code":0,"indent":0,"parameters":[]}],"name":"","switchId":1,"trigger":0},
{"id":3,"list":[{"code":0,"indent":0,"parameters":[]}],"name":"","switchId":1,"trigger":0},
{"id":4,"list":[{"code":0,"indent":0,"parameters":[]}],"name":"","switchId":1,"trigger":0},
{"id":5,"list":[{"code":0,"indent":0,"parameters":[]}],"name":"","switchId":1,"trigger":0},
{"id":6,"list":[{"code":0,"indent":0,"parameters":[]}],"name":"","switchId":1,"trigger":0},
{"id":7,"list":[{"code":0,"indent":0,"parameters":[]}],"name":"","switchId":1,"trigger":0},
{"id":8,"list":[{"code":0,"indent":0,"parameters":[]}],"name":"","switchId":1,"trigger":0},
{"id":9,"list":[{"code":0,"indent":0,"parameters":[]}],"name":"","switchId":1,"trigger":0},
{"id":10,"list":[{"code":0,"indent":0,"parameters":[]}],"name":"","switchId":1,"trigger":0},
{"id":11,"list":[{"code":0,"indent":0,"parameters":[]}],"name":"-----Crystal Actions","switchId":1,"trigger":0},
{"id":12,"list":[{"code":357,"indent":0,"parameters":["VisuMZ_1_MessageCore","ChoiceWindowProperties","Choices: Properties",{"LineHeight:num":"36","MaxRows:num":"8","MaxCols:num":"3","TextAlign:str":"center"}]},{"code":657,"indent":0,"parameters":["Line Height = 36"]},{"code":657,"indent":0,"parameters":["Max Rows = 8"]},{"code":657,"indent":0,"parameters":["Max Columns = 3"]},{"code":657,"indent":0,"parameters":["Text Alignment = center"]},{"code":101,"indent":0,"parameters":["",0,1,2,""]},{"code":401,"indent":0,"parameters":["\\>"]},{"code":401,"indent":0,"parameters":["\\><Center>This is the VisuStella Crystal."]},{"code":401,"indent":0,"parameters":["\\>Do you have somehwere to go or something to do?</Center>"]},{"code":401,"indent":0,"parameters":["\\>"]},{"code":102,"indent":0,"parameters":[["<disable>","\\I[87]<colorlock>VisuStella Hub</colorlock>","<disable>"],-1,1,1,0]},{"code":402,"indent":0,"parameters":[0,"<disable>"]},{"code":0,"indent":1,"parameters":[]},{"code":402,"indent":0,"parameters":[1,"\\I[87]<colorlock>VisuStella Hub</colorlock>"]},{"code":117,"indent":1,"parameters":[13]},{"code":201,"indent":1,"parameters":[0,2,19,23,2,1]},{"code":117,"indent":1,"parameters":[14]},{"code":0,"indent":1,"parameters":[]},{"code":402,"indent":0,"parameters":[2,"<disable>"]},{"code":0,"indent":1,"parameters":[]},{"code":404,"indent":0,"parameters":[]},{"code":102,"indent":0,"parameters":[["\\I[231]Plugin Library","\\I[237]Tileset Center","\\I[312]Icon Museum","\\I[8]Inn","\\I[314]Shopping","\\I[76]Battle Arena"],-1,-1,1,0]},{"code":402,"indent":0,"parameters":[0,"\\I[231]Plugin Library"]},{"code":117,"indent":1,"parameters":[13]},{"code":201,"indent":1,"parameters":[0,7,16,10,2,1]},{"code":117,"indent":1,"parameters":[14]},{"code":0,"indent":1,"parameters":[]},{"code":402,"indent":0,"parameters":[1,"\\I[237]Tileset Center"]},{"code":117,"indent":1,"parameters":[13]},{"code":201,"indent":1,"parameters":[0,8,8,18,8,1]},{"code":117,"indent":1,"parameters":[14]},{"code":0,"indent":1,"parameters":[]},{"code":402,"indent":0,"parameters":[2,"\\I[312]Icon Museum"]},{"code":117,"indent":1,"parameters":[13]},{"code":201,"indent":1,"parameters":[0,6,11,18,8,1]},{"code":117,"indent":1,"parameters":[14]},{"code":0,"indent":1,"parameters":[]},{"code":402,"indent":0,"parameters":[3,"\\I[8]Inn"]},{"code":117,"indent":1,"parameters":[13]},{"code":201,"indent":1,"parameters":[0,4,12,15,8,1]},{"code":117,"indent":1,"parameters":[14]},{"code":0,"indent":1,"parameters":[]},{"code":402,"indent":0,"parameters":[4,"\\I[314]Shopping"]},{"code":117,"indent":1,"parameters":[13]},{"code":201,"indent":1,"parameters":[0,5,7,13,8,1]},{"code":117,"indent":1,"parameters":[14]},{"code":0,"indent":1,"parameters":[]},{"code":402,"indent":0,"parameters":[5,"\\I[76]Battle Arena"]},{"code":117,"indent":1,"parameters":[13]},{"code":201,"indent":1,"parameters":[0,3,10,32,8,1]},{"code":117,"indent":1,"parameters":[14]},{"code":0,"indent":1,"parameters":[]},{"code":404,"indent":0,"parameters":[]},{"code":102,"indent":0,"parameters":[["<disable>","\\I[72]Recover All","<disable>","\\I[176]Get All Items","\\I[97]Get All Weapons","\\I[128]Get All Armors"],-1,-1,1,0]},{"code":402,"indent":0,"parameters":[0,"<disable>"]},{"code":0,"indent":1,"parameters":[]},{"code":402,"indent":0,"parameters":[1,"\\I[72]Recover All"]},{"code":314,"indent":1,"parameters":[0,0]},{"code":212,"indent":1,"parameters":[-1,43,true]},{"code":0,"indent":1,"parameters":[]},{"code":402,"indent":0,"parameters":[2,"<disable>"]},{"code":0,"indent":1,"parameters":[]},{"code":402,"indent":0,"parameters":[3,"\\I[176]Get All Items"]},{"code":117,"indent":1,"parameters":[15]},{"code":0,"indent":1,"parameters":[]},{"code":402,"indent":0,"parameters":[4,"\\I[97]Get All Weapons"]},{"code":117,"indent":1,"parameters":[16]},{"code":0,"indent":1,"parameters":[]},{"code":402,"indent":0,"parameters":[5,"\\I[128]Get All Armors"]},{"code":117,"indent":1,"parameters":[17]},{"code":0,"indent":1,"parameters":[]},{"code":404,"indent":0,"parameters":[]},{"code":102,"indent":0,"parameters":[["\\I[314]Gain Gold","\\I[73]Gain Levels","\\I[79]Gain Skills"],-2,-1,2,0]},{"code":402,"indent":0,"parameters":[0,"\\I[314]Gain Gold"]},{"code":117,"indent":1,"parameters":[18]},{"code":0,"indent":1,"parameters":[]},{"code":402,"indent":0,"parameters":[1,"\\I[73]Gain Levels"]},{"code":117,"indent":1,"parameters":[19]},{"code":0,"indent":1,"parameters":[]},{"code":402,"indent":0,"parameters":[2,"\\I[79]Gain Skills"]},{"code":117,"indent":1,"parameters":[20]},{"code":0,"indent":1,"parameters":[]},{"code":403,"indent":0,"parameters":[6,null]},{"code":0,"indent":1,"parameters":[]},{"code":404,"indent":0,"parameters":[]},{"code":357,"indent":0,"parameters":["VisuMZ_1_MessageCore","ChoiceWindowProperties","Choices: Properties",{"LineHeight:num":"36","MaxRows:num":"8","MaxCols:num":"1","TextAlign:str":"default"}]},{"code":657,"indent":0,"parameters":["Line Height = 36"]},{"code":657,"indent":0,"parameters":["Max Rows = 8"]},{"code":657,"indent":0,"parameters":["Max Columns = 1"]},{"code":657,"indent":0,"parameters":["Text Alignment = default"]},{"code":0,"indent":0,"parameters":[]}],"name":"Crystal Main","switchId":1,"trigger":0},
{"id":13,"list":[{"code":217,"indent":0,"parameters":[]},{"code":212,"indent":0,"parameters":[-1,117,false]},{"code":230,"indent":0,"parameters":[60]},{"code":224,"indent":0,"parameters":[[255,255,255,170],20,false]},{"code":211,"indent":0,"parameters":[0]},{"code":230,"indent":0,"parameters":[20]},{"code":0,"indent":0,"parameters":[]}],"name":"Teleport Out","switchId":1,"trigger":0},
{"id":14,"list":[{"code":212,"indent":0,"parameters":[-1,118,false]},{"code":230,"indent":0,"parameters":[60]},{"code":224,"indent":0,"parameters":[[255,255,255,170],20,false]},{"code":211,"indent":0,"parameters":[1]},{"code":230,"indent":0,"parameters":[20]},{"code":0,"indent":0,"parameters":[]}],"name":"Teleport In","switchId":1,"trigger":0},
{"id":15,"list":[{"code":122,"indent":0,"parameters":[1,1,0,0,10]},{"code":101,"indent":0,"parameters":["",0,1,2,""]},{"code":401,"indent":0,"parameters":[""]},{"code":401,"indent":0,"parameters":["<Center>How many of each item do you want?"]},{"code":401,"indent":0,"parameters":["</Center>"]},{"code":103,"indent":0,"parameters":[1,2]},{"code":355,"indent":0,"parameters":["const amount = Math.max(0, $gameVariables.value(1));"]},{"code":655,"indent":0,"parameters":["for (const item of $dataItems) {"]},{"code":655,"indent":0,"parameters":["    if (!item) continue;"]},{"code":655,"indent":0,"parameters":["    if (item.name.trim() === '') continue;"]},{"code":655,"indent":0,"parameters":["    if (item.name.match(/-----/i)) continue;"]},{"code":655,"indent":0,"parameters":["    $gameParty.gainItem(item, amount);"]},{"code":655,"indent":0,"parameters":["}"]},{"code":212,"indent":0,"parameters":[-1,41,true]},{"code":0,"indent":0,"parameters":[]}],"name":"Get Each Item","switchId":1,"trigger":0},
{"id":16,"list":[{"code":122,"indent":0,"parameters":[1,1,0,0,10]},{"code":101,"indent":0,"parameters":["",0,1,2,""]},{"code":401,"indent":0,"parameters":[""]},{"code":401,"indent":0,"parameters":["<Center>How many of each item do you want?"]},{"code":401,"indent":0,"parameters":["</Center>"]},{"code":103,"indent":0,"parameters":[1,2]},{"code":355,"indent":0,"parameters":["const amount = Math.max(0, $gameVariables.value(1));"]},{"code":655,"indent":0,"parameters":["for (const weapon of $dataWeapons) {"]},{"code":655,"indent":0,"parameters":["    if (!weapon) continue;"]},{"code":655,"indent":0,"parameters":["    if (weapon.name.trim() === '') continue;"]},{"code":655,"indent":0,"parameters":["    if (weapon.name.match(/-----/i)) continue;"]},{"code":655,"indent":0,"parameters":["    $gameParty.gainItem(weapon, amount);"]},{"code":655,"indent":0,"parameters":["}"]},{"code":212,"indent":0,"parameters":[-1,41,true]},{"code":0,"indent":0,"parameters":[]}],"name":"Get Each Weapon","switchId":1,"trigger":0},
{"id":17,"list":[{"code":122,"indent":0,"parameters":[1,1,0,0,10]},{"code":101,"indent":0,"parameters":["",0,1,2,""]},{"code":401,"indent":0,"parameters":[""]},{"code":401,"indent":0,"parameters":["<Center>How many of each item do you want?"]},{"code":401,"indent":0,"parameters":["</Center>"]},{"code":103,"indent":0,"parameters":[1,2]},{"code":355,"indent":0,"parameters":["const amount = Math.max(0, $gameVariables.value(1));"]},{"code":655,"indent":0,"parameters":["for (const armor of $dataArmors) {"]},{"code":655,"indent":0,"parameters":["    if (!armor) continue;"]},{"code":655,"indent":0,"parameters":["    if (armor.name.trim() === '') continue;"]},{"code":655,"indent":0,"parameters":["    if (armor.name.match(/-----/i)) continue;"]},{"code":655,"indent":0,"parameters":["    $gameParty.gainItem(armor, amount);"]},{"code":655,"indent":0,"parameters":["}"]},{"code":212,"indent":0,"parameters":[-1,41,true]},{"code":0,"indent":0,"parameters":[]}],"name":"Get Each Armor","switchId":1,"trigger":0},
{"id":18,"list":[{"code":122,"indent":0,"parameters":[1,1,0,0,1000000]},{"code":101,"indent":0,"parameters":["",0,1,2,""]},{"code":401,"indent":0,"parameters":[""]},{"code":401,"indent":0,"parameters":["<Center>How gold would you like to gain?"]},{"code":401,"indent":0,"parameters":["</Center>"]},{"code":103,"indent":0,"parameters":[1,8]},{"code":125,"indent":0,"parameters":[0,1,1]},{"code":212,"indent":0,"parameters":[-1,40,true]},{"code":0,"indent":0,"parameters":[]}],"name":"Gain Gold","switchId":1,"trigger":0},
{"id":19,"list":[{"code":122,"indent":0,"parameters":[1,1,0,0,10]},{"code":101,"indent":0,"parameters":["",0,1,2,""]},{"code":401,"indent":0,"parameters":[""]},{"code":401,"indent":0,"parameters":["<Center>How many levels do you wish to gain?"]},{"code":401,"indent":0,"parameters":["</Center>"]},{"code":103,"indent":0,"parameters":[1,2]},{"code":316,"indent":0,"parameters":[0,0,0,1,1,false]},{"code":212,"indent":0,"parameters":[-1,52,true]},{"code":0,"indent":0,"parameters":[]}],"name":"Gain Levels","switchId":1,"trigger":0},
{"id":20,"list":[{"code":355,"indent":0,"parameters":["for (const member of $gameParty.members()) {"]},{"code":655,"indent":0,"parameters":["    if (!member) continue;"]},{"code":655,"indent":0,"parameters":["    for (const skill of $dataSkills) {"]},{"code":655,"indent":0,"parameters":["        if (!skill) continue;"]},{"code":655,"indent":0,"parameters":["        if (skill.name.trim() === '') continue;"]},{"code":655,"indent":0,"parameters":["        if (skill.name.match(/-----/i)) continue;"]},{"code":655,"indent":0,"parameters":["        member.learnSkill(skill.id);"]},{"code":655,"indent":0,"parameters":["    }"]},{"code":655,"indent":0,"parameters":["}"]},{"code":212,"indent":0,"parameters":[-1,51,false]},{"code":101,"indent":0,"parameters":["",0,1,2,""]},{"code":401,"indent":0,"parameters":[""]},{"code":401,"indent":0,"parameters":["<Center>Party members have acquired all learnable skills."]},{"code":401,"indent":0,"parameters":["</Center>"]},{"code":0,"indent":0,"parameters":[]}],"name":"Gain Skills","switchId":1,"trigger":0},
{"id":21,"list":[{"code":0,"indent":0,"parameters":[]}],"name":"","switchId":1,"trigger":0},
{"id":22,"list":[{"code":0,"indent":0,"parameters":[]}],"name":"","switchId":1,"trigger":0},
{"id":23,"list":[{"code":0,"indent":0,"parameters":[]}],"name":"-----Common","switchId":1,"trigger":0},
{"id":24,"list":[{"code":250,"indent":0,"parameters":[{"name":"Open1","volume":90,"pitch":100,"pan":0}]},{"code":205,"indent":0,"parameters":[0,{"repeat":false,"skippable":false,"wait":true,"list":[{"code":17},{"code":15,"parameters":[3]},{"code":18},{"code":15,"parameters":[3]},{"code":19},{"code":37},{"code":0}]}]},{"code":505,"indent":0,"parameters":[{"code":17}]},{"code":505,"indent":0,"parameters":[{"code":15,"parameters":[3]}]},{"code":505,"indent":0,"parameters":[{"code":18}]},{"code":505,"indent":0,"parameters":[{"code":15,"parameters":[3]}]},{"code":505,"indent":0,"parameters":[{"code":19}]},{"code":505,"indent":0,"parameters":[{"code":37}]},{"code":0,"indent":0,"parameters":[]}],"name":"Open Door","switchId":1,"trigger":0},
{"id":25,"list":[{"code":0,"indent":0,"parameters":[]}],"name":"","switchId":1,"trigger":0},
{"id":26,"list":[{"code":0,"indent":0,"parameters":[]}],"name":"","switchId":1,"trigger":0},
{"id":27,"list":[{"code":0,"indent":0,"parameters":[]}],"name":"","switchId":1,"trigger":0},
{"id":28,"list":[{"code":0,"indent":0,"parameters":[]}],"name":"","switchId":1,"trigger":0},
{"id":29,"list":[{"code":0,"indent":0,"parameters":[]}],"name":"","switchId":1,"trigger":0},
{"id":30,"list":[{"code":0,"indent":0,"parameters":[]}],"name":"","switchId":1,"trigger":0},
{"id":31,"list":[{"code":0,"indent":0,"parameters":[]}],"name":"-----Action Sequences","switchId":1,"trigger":0},
{"id":32,"list":[{"code":108,"indent":0,"parameters":["Basic Setup"]},{"code":357,"indent":0,"parameters":["VisuMZ_1_BattleCore","ActSeq_Set_SetupAction","ACSET: Setup Action Set",{"DisplayAction:eval":"true","ApplyImmortal:eval":"true","ActionStart:eval":"true","WaitForMovement:eval":"true","CastAnimation:eval":"true","WaitForAnimation:eval":"true"}]},{"code":657,"indent":0,"parameters":["Display Action = true"]},{"code":657,"indent":0,"parameters":["Immortal: On = true"]},{"code":657,"indent":0,"parameters":["Battle Step = true"]},{"code":657,"indent":0,"parameters":["Wait For Movement = true"]},{"code":657,"indent":0,"parameters":["Cast Animation = true"]},{"code":657,"indent":0,"parameters":["Wait For Animation = true"]},{"code":108,"indent":0,"parameters":["Move to Target"]},{"code":357,"indent":0,"parameters":["VisuMZ_1_BattleCore","ActSeq_Movement_Jump","MOVE: Jump",{"Targets:arraystr":"[\"user\"]","Height:eval":"100","Duration:eval":"12","WaitForJump:eval":"false"}]},{"code":657,"indent":0,"parameters":["Targets = [\"user\"]"]},{"code":657,"indent":0,"parameters":["Desired Height = 100"]},{"code":657,"indent":0,"parameters":["Duration = 12"]},{"code":657,"indent":0,"parameters":["Wait For Jump? = false"]},{"code":357,"indent":0,"parameters":["VisuMZ_1_BattleCore","ActSeq_Movement_MoveToTarget","MOVE: Move To Target(s)",{"Targets1:arraystr":"[\"user\"]","Targets2:arraystr":"[\"all targets\"]","TargetLocation:str":"middle center","MeleeDistance:eval":"48","OffsetAdjust:str":"horz","OffsetX:eval":"0","OffsetY:eval":"0","Duration:eval":"12","FaceDirection:eval":"true","EasingType:str":"Linear","MotionType:str":"walk","WaitForMovement:eval":"true"}]},{"code":657,"indent":0,"parameters":["Targets (Moving) = [\"user\"]"]},{"code":657,"indent":0,"parameters":["Targets (Destination) = [\"all targets\"]"]},{"code":657,"indent":0,"parameters":["Target Location = middle center"]},{"code":657,"indent":0,"parameters":["Melee Distance = 48"]},{"code":657,"indent":0,"parameters":["Offset Adjustment = horz"]},{"code":657,"indent":0,"parameters":["Offset: X = 0"]},{"code":657,"indent":0,"parameters":["Offset: Y = 0"]},{"code":657,"indent":0,"parameters":["Duration = 12"]},{"code":657,"indent":0,"parameters":["Face Destination? = true"]},{"code":657,"indent":0,"parameters":["Movement Easing = Linear"]},{"code":657,"indent":0,"parameters":["Movement Motion = walk"]},{"code":657,"indent":0,"parameters":["Wait For Movement? = true"]},{"code":108,"indent":0,"parameters":["Play Animation"]},{"code":357,"indent":0,"parameters":["VisuMZ_1_BattleCore","ActSeq_Animation_ActionAnimation","ANIM: Action Animation",{"Targets:arraystr":"[\"all targets\"]","Mirror:eval":"false","WaitForAnimation:eval":"false"}]},{"code":657,"indent":0,"parameters":["Targets = [\"all targets\"]"]},{"code":657,"indent":0,"parameters":["Mirror Animation = false"]},{"code":657,"indent":0,"parameters":["Wait For Animation? = false"]},{"code":108,"indent":0,"parameters":["Multiple Hits"]},{"code":230,"indent":0,"parameters":[6]},{"code":357,"indent":0,"parameters":["VisuMZ_1_BattleCore","ActSeq_Movement_MoveToTarget","MOVE: Move To Target(s)",{"Targets1:arraystr":"[\"user\"]","Targets2:arraystr":"[\"all targets\"]","TargetLocation:str":"back head","MeleeDistance:eval":"-24","OffsetAdjust:str":"horz","OffsetX:eval":"0","OffsetY:eval":"0","Duration:eval":"6","FaceDirection:eval":"true","EasingType:str":"Linear","MotionType:str":"walk","WaitForMovement:eval":"false"}]},{"code":657,"indent":0,"parameters":["Targets (Moving) = [\"user\"]"]},{"code":657,"indent":0,"parameters":["Targets (Destination) = [\"all targets\"]"]},{"code":657,"indent":0,"parameters":["Target Location = back head"]},{"code":657,"indent":0,"parameters":["Melee Distance = -24"]},{"code":657,"indent":0,"parameters":["Offset Adjustment = horz"]},{"code":657,"indent":0,"parameters":["Offset: X = 0"]},{"code":657,"indent":0,"parameters":["Offset: Y = 0"]},{"code":657,"indent":0,"parameters":["Duration = 6"]},{"code":657,"indent":0,"parameters":["Face Destination? = true"]},{"code":657,"indent":0,"parameters":["Movement Easing = Linear"]},{"code":657,"indent":0,"parameters":["Movement Motion = walk"]},{"code":657,"indent":0,"parameters":["Wait For Movement? = false"]},{"code":357,"indent":0,"parameters":["VisuMZ_1_BattleCore","ActSeq_Motion_MotionType","MOTION: Motion Type",{"Targets:arraystr":"[\"user\"]","MotionType:str":"attack","ShowWeapon:eval":"true"}]},{"code":657,"indent":0,"parameters":["Targets = [\"user\"]"]},{"code":657,"indent":0,"parameters":["Motion Type = attack"]},{"code":657,"indent":0,"parameters":["Show Weapon? = true"]},{"code":230,"indent":0,"parameters":[6]},{"code":357,"indent":0,"parameters":["VisuMZ_1_BattleCore","ActSeq_Mechanics_ActionEffect","MECH: Action Effect",{"Targets:arraystr":"[\"all targets\"]"}]},{"code":657,"indent":0,"parameters":["Targets = [\"all targets\"]"]},{"code":357,"indent":0,"parameters":["VisuMZ_1_BattleCore","ActSeq_Movement_MoveToTarget","MOVE: Move To Target(s)",{"Targets1:arraystr":"[\"user\"]","Targets2:arraystr":"[\"all targets\"]","TargetLocation:str":"front center","MeleeDistance:eval":"24","OffsetAdjust:str":"horz","OffsetX:eval":"0","OffsetY:eval":"0","Duration:eval":"4","FaceDirection:eval":"true","EasingType:str":"Linear","MotionType:str":"walk","WaitForMovement:eval":"false"}]},{"code":657,"indent":0,"parameters":["Targets (Moving) = [\"user\"]"]},{"code":657,"indent":0,"parameters":["Targets (Destination) = [\"all targets\"]"]},{"code":657,"indent":0,"parameters":["Target Location = front center"]},{"code":657,"indent":0,"parameters":["Melee Distance = 24"]},{"code":657,"indent":0,"parameters":["Offset Adjustment = horz"]},{"code":657,"indent":0,"parameters":["Offset: X = 0"]},{"code":657,"indent":0,"parameters":["Offset: Y = 0"]},{"code":657,"indent":0,"parameters":["Duration = 4"]},{"code":657,"indent":0,"parameters":["Face Destination? = true"]},{"code":657,"indent":0,"parameters":["Movement Easing = Linear"]},{"code":657,"indent":0,"parameters":["Movement Motion = walk"]},{"code":657,"indent":0,"parameters":["Wait For Movement? = false"]},{"code":230,"indent":0,"parameters":[4]},{"code":357,"indent":0,"parameters":["VisuMZ_1_BattleCore","ActSeq_Mechanics_ActionEffect","MECH: Action Effect",{"Targets:arraystr":"[\"all targets\"]"}]},{"code":657,"indent":0,"parameters":["Targets = [\"all targets\"]"]},{"code":357,"indent":0,"parameters":["VisuMZ_1_BattleCore","ActSeq_Movement_MoveToTarget","MOVE: Move To Target(s)",{"Targets1:arraystr":"[\"user\"]","Targets2:arraystr":"[\"all targets\"]","TargetLocation:str":"back base","MeleeDistance:eval":"-24","OffsetAdjust:str":"horz","OffsetX:eval":"0","OffsetY:eval":"0","Duration:eval":"8","FaceDirection:eval":"true","EasingType:str":"Linear","MotionType:str":"walk","WaitForMovement:eval":"false"}]},{"code":657,"indent":0,"parameters":["Targets (Moving) = [\"user\"]"]},{"code":657,"indent":0,"parameters":["Targets (Destination) = [\"all targets\"]"]},{"code":657,"indent":0,"parameters":["Target Location = back base"]},{"code":657,"indent":0,"parameters":["Melee Distance = -24"]},{"code":657,"indent":0,"parameters":["Offset Adjustment = horz"]},{"code":657,"indent":0,"parameters":["Offset: X = 0"]},{"code":657,"indent":0,"parameters":["Offset: Y = 0"]},{"code":657,"indent":0,"parameters":["Duration = 8"]},{"code":657,"indent":0,"parameters":["Face Destination? = true"]},{"code":657,"indent":0,"parameters":["Movement Easing = Linear"]},{"code":657,"indent":0,"parameters":["Movement Motion = walk"]},{"code":657,"indent":0,"parameters":["Wait For Movement? = false"]},{"code":357,"indent":0,"parameters":["VisuMZ_1_BattleCore","ActSeq_Motion_MotionType","MOTION: Motion Type",{"Targets:arraystr":"[\"user\"]","MotionType:str":"attack","ShowWeapon:eval":"true"}]},{"code":657,"indent":0,"parameters":["Targets = [\"user\"]"]},{"code":657,"indent":0,"parameters":["Motion Type = attack"]},{"code":657,"indent":0,"parameters":["Show Weapon? = true"]},{"code":230,"indent":0,"parameters":[8]},{"code":357,"indent":0,"parameters":["VisuMZ_1_BattleCore","ActSeq_Mechanics_ActionEffect","MECH: Action Effect",{"Targets:arraystr":"[\"all targets\"]"}]},{"code":657,"indent":0,"parameters":["Targets = [\"all targets\"]"]},{"code":357,"indent":0,"parameters":["VisuMZ_1_BattleCore","ActSeq_Movement_MoveToTarget","MOVE: Move To Target(s)",{"Targets1:arraystr":"[\"user\"]","Targets2:arraystr":"[\"all targets\"]","TargetLocation:str":"front center","MeleeDistance:eval":"24","OffsetAdjust:str":"horz","OffsetX:eval":"0","OffsetY:eval":"0","Duration:eval":"10","FaceDirection:eval":"true","EasingType:str":"Linear","MotionType:str":"walk","WaitForMovement:eval":"false"}]},{"code":657,"indent":0,"parameters":["Targets (Moving) = [\"user\"]"]},{"code":657,"indent":0,"parameters":["Targets (Destination) = [\"all targets\"]"]},{"code":657,"indent":0,"parameters":["Target Location = front center"]},{"code":657,"indent":0,"parameters":["Melee Distance = 24"]},{"code":657,"indent":0,"parameters":["Offset Adjustment = horz"]},{"code":657,"indent":0,"parameters":["Offset: X = 0"]},{"code":657,"indent":0,"parameters":["Offset: Y = 0"]},{"code":657,"indent":0,"parameters":["Duration = 10"]},{"code":657,"indent":0,"parameters":["Face Destination? = true"]},{"code":657,"indent":0,"parameters":["Movement Easing = Linear"]},{"code":657,"indent":0,"parameters":["Movement Motion = walk"]},{"code":657,"indent":0,"parameters":["Wait For Movement? = false"]},{"code":357,"indent":0,"parameters":["VisuMZ_1_BattleCore","ActSeq_Motion_MotionType","MOTION: Motion Type",{"Targets:arraystr":"[\"user\"]","MotionType:str":"attack","ShowWeapon:eval":"true"}]},{"code":657,"indent":0,"parameters":["Targets = [\"user\"]"]},{"code":657,"indent":0,"parameters":["Motion Type = attack"]},{"code":657,"indent":0,"parameters":["Show Weapon? = true"]},{"code":230,"indent":0,"parameters":[10]},{"code":357,"indent":0,"parameters":["VisuMZ_1_BattleCore","ActSeq_Mechanics_ActionEffect","MECH: Action Effect",{"Targets:arraystr":"[\"all targets\"]"}]},{"code":657,"indent":0,"parameters":["Targets = [\"all targets\"]"]},{"code":357,"indent":0,"parameters":["VisuMZ_1_BattleCore","ActSeq_Movement_MoveToTarget","MOVE: Move To Target(s)",{"Targets1:arraystr":"[\"user\"]","Targets2:arraystr":"[\"all targets\"]","TargetLocation:str":"back center","MeleeDistance:eval":"-80","OffsetAdjust:str":"horz","OffsetX:eval":"0","OffsetY:eval":"0","Duration:eval":"20","FaceDirection:eval":"true","EasingType:str":"Linear","MotionType:str":"walk","WaitForMovement:eval":"false"}]},{"code":657,"indent":0,"parameters":["Targets (Moving) = [\"user\"]"]},{"code":657,"indent":0,"parameters":["Targets (Destination) = [\"all targets\"]"]},{"code":657,"indent":0,"parameters":["Target Location = back center"]},{"code":657,"indent":0,"parameters":["Melee Distance = -80"]},{"code":657,"indent":0,"parameters":["Offset Adjustment = horz"]},{"code":657,"indent":0,"parameters":["Offset: X = 0"]},{"code":657,"indent":0,"parameters":["Offset: Y = 0"]},{"code":657,"indent":0,"parameters":["Duration = 20"]},{"code":657,"indent":0,"parameters":["Face Destination? = true"]},{"code":657,"indent":0,"parameters":["Movement Easing = Linear"]},{"code":657,"indent":0,"parameters":["Movement Motion = walk"]},{"code":657,"indent":0,"parameters":["Wait For Movement? = false"]},{"code":357,"indent":0,"parameters":["VisuMZ_1_BattleCore","ActSeq_Motion_MotionType","MOTION: Motion Type",{"Targets:arraystr":"[\"user\"]","MotionType:str":"attack","ShowWeapon:eval":"true"}]},{"code":657,"indent":0,"parameters":["Targets = [\"user\"]"]},{"code":657,"indent":0,"parameters":["Motion Type = attack"]},{"code":657,"indent":0,"parameters":["Show Weapon? = true"]},{"code":230,"indent":0,"parameters":[20]},{"code":357,"indent":0,"parameters":["VisuMZ_1_BattleCore","ActSeq_Mechanics_ActionEffect","MECH: Action Effect",{"Targets:arraystr":"[\"all targets\"]"}]},{"code":657,"indent":0,"parameters":["Targets = [\"all targets\"]"]},{"code":108,"indent":0,"parameters":["Clean Up Animation"]},{"code":357,"indent":0,"parameters":["VisuMZ_1_BattleCore","ActSeq_Movement_Opacity","MOVE: Opacity",{"Targets:arraystr":"[\"user\"]","Opacity:eval":"255","Duration:eval":"30","EasingType:str":"Linear","WaitForOpacity:eval":"false"}]},{"code":657,"indent":0,"parameters":["Targets = [\"user\"]"]},{"code":657,"indent":0,"parameters":["Desired Opacity = 255"]},{"code":657,"indent":0,"parameters":["Duration = 30"]},{"code":657,"indent":0,"parameters":["Opacity Easing = Linear"]},{"code":657,"indent":0,"parameters":["Wait For Opacity? = false"]},{"code":108,"indent":0,"parameters":["Remove Immortal"]},{"code":357,"indent":0,"parameters":["VisuMZ_1_BattleCore","ActSeq_Mechanics_Immortal","MECH: Immortal",{"Targets:arraystr":"[\"user\",\"all targets\"]","Immortal:eval":"false"}]},{"code":657,"indent":0,"parameters":["Targets = [\"user\",\"all targets\"]"]},{"code":657,"indent":0,"parameters":["Immortal = false"]},{"code":108,"indent":0,"parameters":["End"]},{"code":357,"indent":0,"parameters":["VisuMZ_1_BattleCore","ActSeq_Set_FinishAction","ACSET: Finish Action",{"ApplyImmortal:eval":"true","WaitForNewLine:eval":"true","WaitForEffect:eval":"true","ClearBattleLog:eval":"true","ActionEnd:eval":"true","WaitForMovement:eval":"true"}]},{"code":657,"indent":0,"parameters":["Immortal: Off = true"]},{"code":657,"indent":0,"parameters":["Wait For New Line = true"]},{"code":657,"indent":0,"parameters":["Wait For Effects = true"]},{"code":657,"indent":0,"parameters":["Clear Battle Log = true"]},{"code":657,"indent":0,"parameters":["Home Reset = true"]},{"code":657,"indent":0,"parameters":["Wait For Movement = true"]},{"code":0,"indent":0,"parameters":[]}],"name":"Penta Slash","switchId":1,"trigger":0},
{"id":33,"list":[{"code":108,"indent":0,"parameters":["Basic Setup"]},{"code":357,"indent":0,"parameters":["VisuMZ_1_BattleCore","ActSeq_Set_SetupAction","ACSET: Setup Action Set",{"DisplayAction:eval":"true","ApplyImmortal:eval":"true","ActionStart:eval":"true","WaitForMovement:eval":"true","CastAnimation:eval":"true","WaitForAnimation:eval":"true"}]},{"code":657,"indent":0,"parameters":["Display Action = true"]},{"code":657,"indent":0,"parameters":["Immortal: On = true"]},{"code":657,"indent":0,"parameters":["Battle Step = true"]},{"code":657,"indent":0,"parameters":["Wait For Movement = true"]},{"code":657,"indent":0,"parameters":["Cast Animation = true"]},{"code":657,"indent":0,"parameters":["Wait For Animation = true"]},{"code":108,"indent":0,"parameters":["Move to Target"]},{"code":357,"indent":0,"parameters":["VisuMZ_1_BattleCore","ActSeq_Movement_Jump","MOVE: Jump",{"Targets:arraystr":"[\"user\"]","Height:eval":"100","Duration:eval":"12","WaitForJump:eval":"false"}]},{"code":657,"indent":0,"parameters":["Targets = [\"user\"]"]},{"code":657,"indent":0,"parameters":["Desired Height = 100"]},{"code":657,"indent":0,"parameters":["Duration = 12"]},{"code":657,"indent":0,"parameters":["Wait For Jump? = false"]},{"code":357,"indent":0,"parameters":["VisuMZ_1_BattleCore","ActSeq_Movement_Opacity","MOVE: Opacity",{"Targets:arraystr":"[\"user\"]","Opacity:eval":"0","Duration:eval":"12","EasingType:str":"Linear","WaitForOpacity:eval":"false"}]},{"code":657,"indent":0,"parameters":["Targets = [\"user\"]"]},{"code":657,"indent":0,"parameters":["Desired Opacity = 0"]},{"code":657,"indent":0,"parameters":["Duration = 12"]},{"code":657,"indent":0,"parameters":["Opacity Easing = Linear"]},{"code":657,"indent":0,"parameters":["Wait For Opacity? = false"]},{"code":357,"indent":0,"parameters":["VisuMZ_1_BattleCore","ActSeq_Movement_MoveToTarget","MOVE: Move To Target(s)",{"Targets1:arraystr":"[\"user\"]","Targets2:arraystr":"[\"all targets\"]","TargetLocation:str":"middle center","MeleeDistance:eval":"48","OffsetAdjust:str":"horz","OffsetX:eval":"0","OffsetY:eval":"0","Duration:eval":"12","FaceDirection:eval":"true","EasingType:str":"Linear","MotionType:str":"walk","WaitForMovement:eval":"true"}]},{"code":657,"indent":0,"parameters":["Targets (Moving) = [\"user\"]"]},{"code":657,"indent":0,"parameters":["Targets (Destination) = [\"all targets\"]"]},{"code":657,"indent":0,"parameters":["Target Location = middle center"]},{"code":657,"indent":0,"parameters":["Melee Distance = 48"]},{"code":657,"indent":0,"parameters":["Offset Adjustment = horz"]},{"code":657,"indent":0,"parameters":["Offset: X = 0"]},{"code":657,"indent":0,"parameters":["Offset: Y = 0"]},{"code":657,"indent":0,"parameters":["Duration = 12"]},{"code":657,"indent":0,"parameters":["Face Destination? = true"]},{"code":657,"indent":0,"parameters":["Movement Easing = Linear"]},{"code":657,"indent":0,"parameters":["Movement Motion = walk"]},{"code":657,"indent":0,"parameters":["Wait For Movement? = true"]},{"code":108,"indent":0,"parameters":["Play Animation"]},{"code":357,"indent":0,"parameters":["VisuMZ_1_BattleCore","ActSeq_Animation_ActionAnimation","ANIM: Action Animation",{"Targets:arraystr":"[\"all targets\"]","Mirror:eval":"false","WaitForAnimation:eval":"false"}]},{"code":657,"indent":0,"parameters":["Targets = [\"all targets\"]"]},{"code":657,"indent":0,"parameters":["Mirror Animation = false"]},{"code":657,"indent":0,"parameters":["Wait For Animation? = false"]},{"code":108,"indent":0,"parameters":["Multiple Hits"]},{"code":357,"indent":0,"parameters":["VisuMZ_1_BattleCore","ActSeq_Mechanics_ActionEffect","MECH: Action Effect",{"Targets:arraystr":"[\"all targets\"]"}]},{"code":657,"indent":0,"parameters":["Targets = [\"all targets\"]"]},{"code":230,"indent":0,"parameters":[3]},{"code":357,"indent":0,"parameters":["VisuMZ_1_BattleCore","ActSeq_Mechanics_ActionEffect","MECH: Action Effect",{"Targets:arraystr":"[\"all targets\"]"}]},{"code":657,"indent":0,"parameters":["Targets = [\"all targets\"]"]},{"code":230,"indent":0,"parameters":[3]},{"code":357,"indent":0,"parameters":["VisuMZ_1_BattleCore","ActSeq_Mechanics_ActionEffect","MECH: Action Effect",{"Targets:arraystr":"[\"all targets\"]"}]},{"code":657,"indent":0,"parameters":["Targets = [\"all targets\"]"]},{"code":230,"indent":0,"parameters":[3]},{"code":357,"indent":0,"parameters":["VisuMZ_1_BattleCore","ActSeq_Mechanics_ActionEffect","MECH: Action Effect",{"Targets:arraystr":"[\"all targets\"]"}]},{"code":657,"indent":0,"parameters":["Targets = [\"all targets\"]"]},{"code":230,"indent":0,"parameters":[3]},{"code":357,"indent":0,"parameters":["VisuMZ_1_BattleCore","ActSeq_Mechanics_ActionEffect","MECH: Action Effect",{"Targets:arraystr":"[\"all targets\"]"}]},{"code":657,"indent":0,"parameters":["Targets = [\"all targets\"]"]},{"code":230,"indent":0,"parameters":[3]},{"code":357,"indent":0,"parameters":["VisuMZ_1_BattleCore","ActSeq_Mechanics_ActionEffect","MECH: Action Effect",{"Targets:arraystr":"[\"all targets\"]"}]},{"code":657,"indent":0,"parameters":["Targets = [\"all targets\"]"]},{"code":230,"indent":0,"parameters":[3]},{"code":357,"indent":0,"parameters":["VisuMZ_1_BattleCore","ActSeq_Mechanics_ActionEffect","MECH: Action Effect",{"Targets:arraystr":"[\"all targets\"]"}]},{"code":657,"indent":0,"parameters":["Targets = [\"all targets\"]"]},{"code":230,"indent":0,"parameters":[3]},{"code":357,"indent":0,"parameters":["VisuMZ_1_BattleCore","ActSeq_Mechanics_ActionEffect","MECH: Action Effect",{"Targets:arraystr":"[\"all targets\"]"}]},{"code":657,"indent":0,"parameters":["Targets = [\"all targets\"]"]},{"code":230,"indent":0,"parameters":[3]},{"code":357,"indent":0,"parameters":["VisuMZ_1_BattleCore","ActSeq_Mechanics_ActionEffect","MECH: Action Effect",{"Targets:arraystr":"[\"all targets\"]"}]},{"code":657,"indent":0,"parameters":["Targets = [\"all targets\"]"]},{"code":230,"indent":0,"parameters":[3]},{"code":357,"indent":0,"parameters":["VisuMZ_1_BattleCore","ActSeq_Mechanics_ActionEffect","MECH: Action Effect",{"Targets:arraystr":"[\"all targets\"]"}]},{"code":657,"indent":0,"parameters":["Targets = [\"all targets\"]"]},{"code":230,"indent":0,"parameters":[6]},{"code":357,"indent":0,"parameters":["VisuMZ_1_BattleCore","ActSeq_Mechanics_ActionEffect","MECH: Action Effect",{"Targets:arraystr":"[\"all targets\"]"}]},{"code":657,"indent":0,"parameters":["Targets = [\"all targets\"]"]},{"code":230,"indent":0,"parameters":[6]},{"code":357,"indent":0,"parameters":["VisuMZ_1_BattleCore","ActSeq_Mechanics_ActionEffect","MECH: Action Effect",{"Targets:arraystr":"[\"all targets\"]"}]},{"code":657,"indent":0,"parameters":["Targets = [\"all targets\"]"]},{"code":230,"indent":0,"parameters":[6]},{"code":357,"indent":0,"parameters":["VisuMZ_1_BattleCore","ActSeq_Mechanics_ActionEffect","MECH: Action Effect",{"Targets:arraystr":"[\"all targets\"]"}]},{"code":657,"indent":0,"parameters":["Targets = [\"all targets\"]"]},{"code":230,"indent":0,"parameters":[10]},{"code":357,"indent":0,"parameters":["VisuMZ_1_BattleCore","ActSeq_Mechanics_ActionEffect","MECH: Action Effect",{"Targets:arraystr":"[\"all targets\"]"}]},{"code":657,"indent":0,"parameters":["Targets = [\"all targets\"]"]},{"code":230,"indent":0,"parameters":[20]},{"code":357,"indent":0,"parameters":["VisuMZ_1_BattleCore","ActSeq_Mechanics_ActionEffect","MECH: Action Effect",{"Targets:arraystr":"[\"all targets\"]"}]},{"code":657,"indent":0,"parameters":["Targets = [\"all targets\"]"]},{"code":108,"indent":0,"parameters":["Clean Up Animation"]},{"code":357,"indent":0,"parameters":["VisuMZ_1_BattleCore","ActSeq_Movement_MoveToTarget","MOVE: Move To Target(s)",{"Targets1:arraystr":"[\"user\"]","Targets2:arraystr":"[\"all targets\"]","TargetLocation:str":"front base","MeleeDistance:eval":"48","OffsetAdjust:str":"horz","OffsetX:eval":"0","OffsetY:eval":"0","Duration:eval":"1","FaceDirection:eval":"true","EasingType:str":"Linear","MotionType:str":"walk","WaitForMovement:eval":"true"}]},{"code":657,"indent":0,"parameters":["Targets (Moving) = [\"user\"]"]},{"code":657,"indent":0,"parameters":["Targets (Destination) = [\"all targets\"]"]},{"code":657,"indent":0,"parameters":["Target Location = front base"]},{"code":657,"indent":0,"parameters":["Melee Distance = 48"]},{"code":657,"indent":0,"parameters":["Offset Adjustment = horz"]},{"code":657,"indent":0,"parameters":["Offset: X = 0"]},{"code":657,"indent":0,"parameters":["Offset: Y = 0"]},{"code":657,"indent":0,"parameters":["Duration = 1"]},{"code":657,"indent":0,"parameters":["Face Destination? = true"]},{"code":657,"indent":0,"parameters":["Movement Easing = Linear"]},{"code":657,"indent":0,"parameters":["Movement Motion = walk"]},{"code":657,"indent":0,"parameters":["Wait For Movement? = true"]},{"code":357,"indent":0,"parameters":["VisuMZ_1_BattleCore","ActSeq_Animation_WaitForAnimation","ANIM: Wait For Animation",{}]},{"code":357,"indent":0,"parameters":["VisuMZ_1_BattleCore","ActSeq_Movement_Opacity","MOVE: Opacity",{"Targets:arraystr":"[\"user\"]","Opacity:eval":"255","Duration:eval":"30","EasingType:str":"Linear","WaitForOpacity:eval":"false"}]},{"code":657,"indent":0,"parameters":["Targets = [\"user\"]"]},{"code":657,"indent":0,"parameters":["Desired Opacity = 255"]},{"code":657,"indent":0,"parameters":["Duration = 30"]},{"code":657,"indent":0,"parameters":["Opacity Easing = Linear"]},{"code":657,"indent":0,"parameters":["Wait For Opacity? = false"]},{"code":108,"indent":0,"parameters":["Remove Immortal"]},{"code":357,"indent":0,"parameters":["VisuMZ_1_BattleCore","ActSeq_Mechanics_Immortal","MECH: Immortal",{"Targets:arraystr":"[\"user\",\"all targets\"]","Immortal:eval":"false"}]},{"code":657,"indent":0,"parameters":["Targets = [\"user\",\"all targets\"]"]},{"code":657,"indent":0,"parameters":["Immortal = false"]},{"code":108,"indent":0,"parameters":["End"]},{"code":357,"indent":0,"parameters":["VisuMZ_1_BattleCore","ActSeq_Set_FinishAction","ACSET: Finish Action",{"ApplyImmortal:eval":"true","WaitForNewLine:eval":"true","WaitForEffect:eval":"true","ClearBattleLog:eval":"true","ActionEnd:eval":"true","WaitForMovement:eval":"true"}]},{"code":657,"indent":0,"parameters":["Immortal: Off = true"]},{"code":657,"indent":0,"parameters":["Wait For New Line = true"]},{"code":657,"indent":0,"parameters":["Wait For Effects = true"]},{"code":657,"indent":0,"parameters":["Clear Battle Log = true"]},{"code":657,"indent":0,"parameters":["Home Reset = true"]},{"code":657,"indent":0,"parameters":["Wait For Movement = true"]},{"code":0,"indent":0,"parameters":[]}],"name":"Bennett Smash","switchId":1,"trigger":0},
{"id":34,"list":[{"code":108,"indent":0,"parameters":["Basic Setup"]},{"code":357,"indent":0,"parameters":["VisuMZ_1_BattleCore","ActSeq_Set_SetupAction","ACSET: Setup Action Set",{"DisplayAction:eval":"true","ApplyImmortal:eval":"true","ActionStart:eval":"true","WaitForMovement:eval":"true","CastAnimation:eval":"true","WaitForAnimation:eval":"true"}]},{"code":657,"indent":0,"parameters":["Display Action = true"]},{"code":657,"indent":0,"parameters":["Immortal: On = true"]},{"code":657,"indent":0,"parameters":["Battle Step = true"]},{"code":657,"indent":0,"parameters":["Wait For Movement = true"]},{"code":657,"indent":0,"parameters":["Cast Animation = true"]},{"code":657,"indent":0,"parameters":["Wait For Animation = true"]},{"code":108,"indent":0,"parameters":["Fire"]},{"code":357,"indent":0,"parameters":["VisuMZ_1_BattleCore","ActSeq_Element_ForceElements","ELE: Force Elements",{"Elements:arraynum":"[\"2\"]"}]},{"code":657,"indent":0,"parameters":["Elements = [\"2\"]"]},{"code":357,"indent":0,"parameters":["VisuMZ_1_BattleCore","ActSeq_Motion_PerformAction","MOTION: Perform Action",{"Targets:arraystr":"[\"user\"]"}]},{"code":657,"indent":0,"parameters":["Targets = [\"user\"]"]},{"code":357,"indent":0,"parameters":["VisuMZ_1_BattleCore","ActSeq_Animation_ShowAnimation","ANIM: Show Animation",{"Targets:arraystr":"[\"all targets\"]","AnimationID:num":"107","Mirror:eval":"false","WaitForAnimation:eval":"false"}]},{"code":657,"indent":0,"parameters":["Targets = [\"all targets\"]"]},{"code":657,"indent":0,"parameters":["Animation ID = 107"]},{"code":657,"indent":0,"parameters":["Mirror Animation = false"]},{"code":657,"indent":0,"parameters":["Wait For Animation? = false"]},{"code":230,"indent":0,"parameters":[20]},{"code":357,"indent":0,"parameters":["VisuMZ_1_BattleCore","ActSeq_Mechanics_ActionEffect","MECH: Action Effect",{"Targets:arraystr":"[\"all targets\"]"}]},{"code":657,"indent":0,"parameters":["Targets = [\"all targets\"]"]},{"code":230,"indent":0,"parameters":[20]},{"code":108,"indent":0,"parameters":["Ice"]},{"code":357,"indent":0,"parameters":["VisuMZ_1_BattleCore","ActSeq_Element_ForceElements","ELE: Force Elements",{"Elements:arraynum":"[\"3\"]"}]},{"code":657,"indent":0,"parameters":["Elements = [\"3\"]"]},{"code":357,"indent":0,"parameters":["VisuMZ_1_BattleCore","ActSeq_Motion_PerformAction","MOTION: Perform Action",{"Targets:arraystr":"[\"user\"]"}]},{"code":657,"indent":0,"parameters":["Targets = [\"user\"]"]},{"code":357,"indent":0,"parameters":["VisuMZ_1_BattleCore","ActSeq_Animation_ShowAnimation","ANIM: Show Animation",{"Targets:arraystr":"[\"all targets\"]","AnimationID:num":"71","Mirror:eval":"false","WaitForAnimation:eval":"false"}]},{"code":657,"indent":0,"parameters":["Targets = [\"all targets\"]"]},{"code":657,"indent":0,"parameters":["Animation ID = 71"]},{"code":657,"indent":0,"parameters":["Mirror Animation = false"]},{"code":657,"indent":0,"parameters":["Wait For Animation? = false"]},{"code":230,"indent":0,"parameters":[20]},{"code":357,"indent":0,"parameters":["VisuMZ_1_BattleCore","ActSeq_Mechanics_ActionEffect","MECH: Action Effect",{"Targets:arraystr":"[\"all targets\"]"}]},{"code":657,"indent":0,"parameters":["Targets = [\"all targets\"]"]},{"code":230,"indent":0,"parameters":[20]},{"code":108,"indent":0,"parameters":["Thunder"]},{"code":357,"indent":0,"parameters":["VisuMZ_1_BattleCore","ActSeq_Element_ForceElements","ELE: Force Elements",{"Elements:arraynum":"[\"4\"]"}]},{"code":657,"indent":0,"parameters":["Elements = [\"4\"]"]},{"code":357,"indent":0,"parameters":["VisuMZ_1_BattleCore","ActSeq_Motion_PerformAction","MOTION: Perform Action",{"Targets:arraystr":"[\"user\"]"}]},{"code":657,"indent":0,"parameters":["Targets = [\"user\"]"]},{"code":357,"indent":0,"parameters":["VisuMZ_1_BattleCore","ActSeq_Animation_ShowAnimation","ANIM: Show Animation",{"Targets:arraystr":"[\"all targets\"]","AnimationID:num":"76","Mirror:eval":"false","WaitForAnimation:eval":"false"}]},{"code":657,"indent":0,"parameters":["Targets = [\"all targets\"]"]},{"code":657,"indent":0,"parameters":["Animation ID = 76"]},{"code":657,"indent":0,"parameters":["Mirror Animation = false"]},{"code":657,"indent":0,"parameters":["Wait For Animation? = false"]},{"code":230,"indent":0,"parameters":[10]},{"code":357,"indent":0,"parameters":["VisuMZ_1_BattleCore","ActSeq_Mechanics_ActionEffect","MECH: Action Effect",{"Targets:arraystr":"[\"all targets\"]"}]},{"code":657,"indent":0,"parameters":["Targets = [\"all targets\"]"]},{"code":230,"indent":0,"parameters":[20]},{"code":108,"indent":0,"parameters":["Water"]},{"code":357,"indent":0,"parameters":["VisuMZ_1_BattleCore","ActSeq_Element_ForceElements","ELE: Force Elements",{"Elements:arraynum":"[\"5\"]"}]},{"code":657,"indent":0,"parameters":["Elements = [\"5\"]"]},{"code":357,"indent":0,"parameters":["VisuMZ_1_BattleCore","ActSeq_Motion_PerformAction","MOTION: Perform Action",{"Targets:arraystr":"[\"user\"]"}]},{"code":657,"indent":0,"parameters":["Targets = [\"user\"]"]},{"code":357,"indent":0,"parameters":["VisuMZ_1_BattleCore","ActSeq_Animation_ShowAnimation","ANIM: Show Animation",{"Targets:arraystr":"[\"all targets\"]","AnimationID:num":"82","Mirror:eval":"false","WaitForAnimation:eval":"false"}]},{"code":657,"indent":0,"parameters":["Targets = [\"all targets\"]"]},{"code":657,"indent":0,"parameters":["Animation ID = 82"]},{"code":657,"indent":0,"parameters":["Mirror Animation = false"]},{"code":657,"indent":0,"parameters":["Wait For Animation? = false"]},{"code":230,"indent":0,"parameters":[20]},{"code":357,"indent":0,"parameters":["VisuMZ_1_BattleCore","ActSeq_Mechanics_ActionEffect","MECH: Action Effect",{"Targets:arraystr":"[\"all targets\"]"}]},{"code":657,"indent":0,"parameters":["Targets = [\"all targets\"]"]},{"code":230,"indent":0,"parameters":[20]},{"code":108,"indent":0,"parameters":["Earth"]},{"code":357,"indent":0,"parameters":["VisuMZ_1_BattleCore","ActSeq_Element_ForceElements","ELE: Force Elements",{"Elements:arraynum":"[\"6\"]"}]},{"code":657,"indent":0,"parameters":["Elements = [\"6\"]"]},{"code":357,"indent":0,"parameters":["VisuMZ_1_BattleCore","ActSeq_Motion_PerformAction","MOTION: Perform Action",{"Targets:arraystr":"[\"user\"]"}]},{"code":657,"indent":0,"parameters":["Targets = [\"user\"]"]},{"code":357,"indent":0,"parameters":["VisuMZ_1_BattleCore","ActSeq_Animation_ShowAnimation","ANIM: Show Animation",{"Targets:arraystr":"[\"all targets\"]","AnimationID:num":"87","Mirror:eval":"false","WaitForAnimation:eval":"false"}]},{"code":657,"indent":0,"parameters":["Targets = [\"all targets\"]"]},{"code":657,"indent":0,"parameters":["Animation ID = 87"]},{"code":657,"indent":0,"parameters":["Mirror Animation = false"]},{"code":657,"indent":0,"parameters":["Wait For Animation? = false"]},{"code":230,"indent":0,"parameters":[20]},{"code":357,"indent":0,"parameters":["VisuMZ_1_BattleCore","ActSeq_Mechanics_ActionEffect","MECH: Action Effect",{"Targets:arraystr":"[\"all targets\"]"}]},{"code":657,"indent":0,"parameters":["Targets = [\"all targets\"]"]},{"code":230,"indent":0,"parameters":[20]},{"code":108,"indent":0,"parameters":["Wind"]},{"code":357,"indent":0,"parameters":["VisuMZ_1_BattleCore","ActSeq_Element_ForceElements","ELE: Force Elements",{"Elements:arraynum":"[\"7\"]"}]},{"code":657,"indent":0,"parameters":["Elements = [\"7\"]"]},{"code":357,"indent":0,"parameters":["VisuMZ_1_BattleCore","ActSeq_Motion_PerformAction","MOTION: Perform Action",{"Targets:arraystr":"[\"user\"]"}]},{"code":657,"indent":0,"parameters":["Targets = [\"user\"]"]},{"code":357,"indent":0,"parameters":["VisuMZ_1_BattleCore","ActSeq_Animation_ShowAnimation","ANIM: Show Animation",{"Targets:arraystr":"[\"all targets\"]","AnimationID:num":"92","Mirror:eval":"false","WaitForAnimation:eval":"false"}]},{"code":657,"indent":0,"parameters":["Targets = [\"all targets\"]"]},{"code":657,"indent":0,"parameters":["Animation ID = 92"]},{"code":657,"indent":0,"parameters":["Mirror Animation = false"]},{"code":657,"indent":0,"parameters":["Wait For Animation? = false"]},{"code":230,"indent":0,"parameters":[20]},{"code":357,"indent":0,"parameters":["VisuMZ_1_BattleCore","ActSeq_Mechanics_ActionEffect","MECH: Action Effect",{"Targets:arraystr":"[\"all targets\"]"}]},{"code":657,"indent":0,"parameters":["Targets = [\"all targets\"]"]},{"code":230,"indent":0,"parameters":[20]},{"code":108,"indent":0,"parameters":["Holy"]},{"code":357,"indent":0,"parameters":["VisuMZ_1_BattleCore","ActSeq_Element_ForceElements","ELE: Force Elements",{"Elements:arraynum":"[\"8\"]"}]},{"code":657,"indent":0,"parameters":["Elements = [\"8\"]"]},{"code":357,"indent":0,"parameters":["VisuMZ_1_BattleCore","ActSeq_Motion_PerformAction","MOTION: Perform Action",{"Targets:arraystr":"[\"user\"]"}]},{"code":657,"indent":0,"parameters":["Targets = [\"user\"]"]},{"code":357,"indent":0,"parameters":["VisuMZ_1_BattleCore","ActSeq_Animation_ShowAnimation","ANIM: Show Animation",{"Targets:arraystr":"[\"all targets\"]","AnimationID:num":"97","Mirror:eval":"false","WaitForAnimation:eval":"false"}]},{"code":657,"indent":0,"parameters":["Targets = [\"all targets\"]"]},{"code":657,"indent":0,"parameters":["Animation ID = 97"]},{"code":657,"indent":0,"parameters":["Mirror Animation = false"]},{"code":657,"indent":0,"parameters":["Wait For Animation? = false"]},{"code":230,"indent":0,"parameters":[20]},{"code":357,"indent":0,"parameters":["VisuMZ_1_BattleCore","ActSeq_Mechanics_ActionEffect","MECH: Action Effect",{"Targets:arraystr":"[\"all targets\"]"}]},{"code":657,"indent":0,"parameters":["Targets = [\"all targets\"]"]},{"code":230,"indent":0,"parameters":[20]},{"code":108,"indent":0,"parameters":["Darkness"]},{"code":357,"indent":0,"parameters":["VisuMZ_1_BattleCore","ActSeq_Element_ForceElements","ELE: Force Elements",{"Elements:arraynum":"[\"9\"]"}]},{"code":657,"indent":0,"parameters":["Elements = [\"9\"]"]},{"code":357,"indent":0,"parameters":["VisuMZ_1_BattleCore","ActSeq_Motion_PerformAction","MOTION: Perform Action",{"Targets:arraystr":"[\"user\"]"}]},{"code":657,"indent":0,"parameters":["Targets = [\"user\"]"]},{"code":357,"indent":0,"parameters":["VisuMZ_1_BattleCore","ActSeq_Animation_ShowAnimation","ANIM: Show Animation",{"Targets:arraystr":"[\"all targets\"]","AnimationID:num":"101","Mirror:eval":"false","WaitForAnimation:eval":"false"}]},{"code":657,"indent":0,"parameters":["Targets = [\"all targets\"]"]},{"code":657,"indent":0,"parameters":["Animation ID = 101"]},{"code":657,"indent":0,"parameters":["Mirror Animation = false"]},{"code":657,"indent":0,"parameters":["Wait For Animation? = false"]},{"code":230,"indent":0,"parameters":[30]},{"code":357,"indent":0,"parameters":["VisuMZ_1_BattleCore","ActSeq_Mechanics_ActionEffect","MECH: Action Effect",{"Targets:arraystr":"[\"all targets\"]"}]},{"code":657,"indent":0,"parameters":["Targets = [\"all targets\"]"]},{"code":108,"indent":0,"parameters":["Remove Immortal"]},{"code":357,"indent":0,"parameters":["VisuMZ_1_BattleCore","ActSeq_Element_Clear","ELE: Clear Element Changes",{}]},{"code":357,"indent":0,"parameters":["VisuMZ_1_BattleCore","ActSeq_Mechanics_Immortal","MECH: Immortal",{"Targets:arraystr":"[\"user\",\"all targets\"]","Immortal:eval":"false"}]},{"code":657,"indent":0,"parameters":["Targets = [\"user\",\"all targets\"]"]},{"code":657,"indent":0,"parameters":["Immortal = false"]},{"code":357,"indent":0,"parameters":["VisuMZ_1_BattleCore","ActSeq_Animation_WaitForAnimation","ANIM: Wait For Animation",{}]},{"code":108,"indent":0,"parameters":["End"]},{"code":357,"indent":0,"parameters":["VisuMZ_1_BattleCore","ActSeq_Set_FinishAction","ACSET: Finish Action",{"ApplyImmortal:eval":"true","WaitForNewLine:eval":"true","WaitForEffect:eval":"true","ClearBattleLog:eval":"true","ActionEnd:eval":"true","WaitForMovement:eval":"true"}]},{"code":657,"indent":0,"parameters":["Immortal: Off = true"]},{"code":657,"indent":0,"parameters":["Wait For New Line = true"]},{"code":657,"indent":0,"parameters":["Wait For Effects = true"]},{"code":657,"indent":0,"parameters":["Clear Battle Log = true"]},{"code":657,"indent":0,"parameters":["Home Reset = true"]},{"code":657,"indent":0,"parameters":["Wait For Movement = true"]},{"code":0,"indent":0,"parameters":[]}],"name":"Omni Elements","switchId":1,"trigger":0},
{"id":35,"list":[{"code":108,"indent":0,"parameters":["Basic Setup"]},{"code":357,"indent":0,"parameters":["VisuMZ_1_BattleCore","ActSeq_Set_SetupAction","ACSET: Setup Action Set",{"DisplayAction:eval":"true","ApplyImmortal:eval":"true","ActionStart:eval":"true","WaitForMovement:eval":"true","CastAnimation:eval":"true","WaitForAnimation:eval":"true"}]},{"code":657,"indent":0,"parameters":["Display Action = true"]},{"code":657,"indent":0,"parameters":["Immortal: On = true"]},{"code":657,"indent":0,"parameters":["Battle Step = true"]},{"code":657,"indent":0,"parameters":["Wait For Movement = true"]},{"code":657,"indent":0,"parameters":["Cast Animation = true"]},{"code":657,"indent":0,"parameters":["Wait For Animation = true"]},{"code":108,"indent":0,"parameters":["HP Healing"]},{"code":357,"indent":0,"parameters":["VisuMZ_1_BattleCore","ActSeq_Motion_PerformAction","MOTION: Perform Action",{"Targets:arraystr":"[\"user\"]"}]},{"code":657,"indent":0,"parameters":["Targets = [\"user\"]"]},{"code":357,"indent":0,"parameters":["VisuMZ_1_BattleCore","ActSeq_Animation_ShowAnimation","ANIM: Show Animation",{"Targets:arraystr":"[\"all targets\"]","AnimationID:num":"41","Mirror:eval":"false","WaitForAnimation:eval":"false"}]},{"code":657,"indent":0,"parameters":["Targets = [\"all targets\"]"]},{"code":657,"indent":0,"parameters":["Animation ID = 41"]},{"code":657,"indent":0,"parameters":["Mirror Animation = false"]},{"code":657,"indent":0,"parameters":["Wait For Animation? = false"]},{"code":230,"indent":0,"parameters":[20]},{"code":357,"indent":0,"parameters":["VisuMZ_1_BattleCore","ActSeq_Mechanics_HpMpTp","MECH: HP, MP, TP",{"Targets:arraystr":"[\"all targets\"]","HP":"","HP_Rate:eval":"+0.00","HP_Flat:eval":"+9999","MP":"","MP_Rate:eval":"+0.00","MP_Flat:eval":"+0","TP":"","TP_Rate:eval":"+0.00","TP_Flat:eval":"+0","ShowPopup:eval":"true"}]},{"code":657,"indent":0,"parameters":["Targets = [\"all targets\"]"]},{"code":657,"indent":0,"parameters":["HP = "]},{"code":657,"indent":0,"parameters":["HP Rate = +0.00"]},{"code":657,"indent":0,"parameters":["HP Flat = +9999"]},{"code":657,"indent":0,"parameters":["MP = "]},{"code":657,"indent":0,"parameters":["MP Rate = +0.00"]},{"code":657,"indent":0,"parameters":["MP Flat = +0"]},{"code":657,"indent":0,"parameters":["TP = "]},{"code":657,"indent":0,"parameters":["TP Rate = +0.00"]},{"code":657,"indent":0,"parameters":["TP Flat = +0"]},{"code":657,"indent":0,"parameters":["Damage Popup? = true"]},{"code":357,"indent":0,"parameters":["VisuMZ_1_BattleCore","ActSeq_Animation_WaitForAnimation","ANIM: Wait For Animation",{}]},{"code":108,"indent":0,"parameters":["MP Healing"]},{"code":357,"indent":0,"parameters":["VisuMZ_1_BattleCore","ActSeq_Motion_PerformAction","MOTION: Perform Action",{"Targets:arraystr":"[\"user\"]"}]},{"code":657,"indent":0,"parameters":["Targets = [\"user\"]"]},{"code":357,"indent":0,"parameters":["VisuMZ_1_BattleCore","ActSeq_Animation_ShowAnimation","ANIM: Show Animation",{"Targets:arraystr":"[\"all targets\"]","AnimationID:num":"45","Mirror:eval":"false","WaitForAnimation:eval":"false"}]},{"code":657,"indent":0,"parameters":["Targets = [\"all targets\"]"]},{"code":657,"indent":0,"parameters":["Animation ID = 45"]},{"code":657,"indent":0,"parameters":["Mirror Animation = false"]},{"code":657,"indent":0,"parameters":["Wait For Animation? = false"]},{"code":230,"indent":0,"parameters":[20]},{"code":357,"indent":0,"parameters":["VisuMZ_1_BattleCore","ActSeq_Mechanics_HpMpTp","MECH: HP, MP, TP",{"Targets:arraystr":"[\"all targets\"]","HP":"","HP_Rate:eval":"+0.00","HP_Flat:eval":"+0","MP":"","MP_Rate:eval":"+0.00","MP_Flat:eval":"+9999","TP":"","TP_Rate:eval":"+0.00","TP_Flat:eval":"+0","ShowPopup:eval":"true"}]},{"code":657,"indent":0,"parameters":["Targets = [\"all targets\"]"]},{"code":657,"indent":0,"parameters":["HP = "]},{"code":657,"indent":0,"parameters":["HP Rate = +0.00"]},{"code":657,"indent":0,"parameters":["HP Flat = +0"]},{"code":657,"indent":0,"parameters":["MP = "]},{"code":657,"indent":0,"parameters":["MP Rate = +0.00"]},{"code":657,"indent":0,"parameters":["MP Flat = +9999"]},{"code":657,"indent":0,"parameters":["TP = "]},{"code":657,"indent":0,"parameters":["TP Rate = +0.00"]},{"code":657,"indent":0,"parameters":["TP Flat = +0"]},{"code":657,"indent":0,"parameters":["Damage Popup? = true"]},{"code":357,"indent":0,"parameters":["VisuMZ_1_BattleCore","ActSeq_Animation_WaitForAnimation","ANIM: Wait For Animation",{}]},{"code":108,"indent":0,"parameters":["Add Buff"]},{"code":357,"indent":0,"parameters":["VisuMZ_1_BattleCore","ActSeq_Motion_PerformAction","MOTION: Perform Action",{"Targets:arraystr":"[\"user\"]"}]},{"code":657,"indent":0,"parameters":["Targets = [\"user\"]"]},{"code":357,"indent":0,"parameters":["VisuMZ_1_BattleCore","ActSeq_Animation_ShowAnimation","ANIM: Show Animation",{"Targets:arraystr":"[\"all targets\"]","AnimationID:num":"53","Mirror:eval":"false","WaitForAnimation:eval":"false"}]},{"code":657,"indent":0,"parameters":["Targets = [\"all targets\"]"]},{"code":657,"indent":0,"parameters":["Animation ID = 53"]},{"code":657,"indent":0,"parameters":["Mirror Animation = false"]},{"code":657,"indent":0,"parameters":["Wait For Animation? = false"]},{"code":230,"indent":0,"parameters":[20]},{"code":357,"indent":0,"parameters":["VisuMZ_1_BattleCore","ActSeq_Mechanics_AddBuffDebuff","MECH: Add Buff/Debuff",{"Targets:arraystr":"[\"all targets\"]","Buffs:arraystr":"[\"DEF\",\"MDF\"]","Debuffs:arraystr":"[]","Turns:eval":"10"}]},{"code":657,"indent":0,"parameters":["Targets = [\"all targets\"]"]},{"code":657,"indent":0,"parameters":["Buff Parameters = [\"DEF\",\"MDF\"]"]},{"code":657,"indent":0,"parameters":["Debuff Parameters = []"]},{"code":657,"indent":0,"parameters":["Turns = 10"]},{"code":357,"indent":0,"parameters":["VisuMZ_1_BattleCore","ActSeq_Animation_WaitForAnimation","ANIM: Wait For Animation",{}]},{"code":108,"indent":0,"parameters":["Remove Immortal"]},{"code":357,"indent":0,"parameters":["VisuMZ_1_BattleCore","ActSeq_Mechanics_Immortal","MECH: Immortal",{"Targets:arraystr":"[\"user\",\"all targets\"]","Immortal:eval":"false"}]},{"code":657,"indent":0,"parameters":["Targets = [\"user\",\"all targets\"]"]},{"code":657,"indent":0,"parameters":["Immortal = false"]},{"code":357,"indent":0,"parameters":["VisuMZ_1_BattleCore","ActSeq_Animation_WaitForAnimation","ANIM: Wait For Animation",{}]},{"code":108,"indent":0,"parameters":["End"]},{"code":357,"indent":0,"parameters":["VisuMZ_1_BattleCore","ActSeq_Set_FinishAction","ACSET: Finish Action",{"ApplyImmortal:eval":"true","WaitForNewLine:eval":"true","WaitForEffect:eval":"true","ClearBattleLog:eval":"true","ActionEnd:eval":"true","WaitForMovement:eval":"true"}]},{"code":657,"indent":0,"parameters":["Immortal: Off = true"]},{"code":657,"indent":0,"parameters":["Wait For New Line = true"]},{"code":657,"indent":0,"parameters":["Wait For Effects = true"]},{"code":657,"indent":0,"parameters":["Clear Battle Log = true"]},{"code":657,"indent":0,"parameters":["Home Reset = true"]},{"code":657,"indent":0,"parameters":["Wait For Movement = true"]},{"code":0,"indent":0,"parameters":[]}],"name":"Megalixer","switchId":1,"trigger":0},
{"id":36,"list":[{"code":0,"indent":0,"parameters":[]}],"name":"","switchId":1,"trigger":0},
{"id":37,"list":[{"code":0,"indent":0,"parameters":[]}],"name":"","switchId":1,"trigger":0},
{"id":38,"list":[{"code":0,"indent":0,"parameters":[]}],"name":"","switchId":1,"trigger":0},
{"id":39,"list":[{"code":0,"indent":0,"parameters":[]}],"name":"","switchId":1,"trigger":0},
{"id":40,"list":[{"code":0,"indent":0,"parameters":[]}],"name":"","switchId":1,"trigger":0},
{"id":41,"list":[{"code":0,"indent":0,"parameters":[]}],"name":"","switchId":1,"trigger":0},
{"id":42,"list":[{"code":0,"indent":0,"parameters":[]}],"name":"","switchId":1,"trigger":0},
{"id":43,"list":[{"code":0,"indent":0,"parameters":[]}],"name":"","switchId":1,"trigger":0},
{"id":44,"list":[{"code":0,"indent":0,"parameters":[]}],"name":"","switchId":1,"trigger":0},
{"id":45,"list":[{"code":0,"indent":0,"parameters":[]}],"name":"","switchId":1,"trigger":0},
{"id":46,"list":[{"code":0,"indent":0,"parameters":[]}],"name":"","switchId":1,"trigger":0},
{"id":47,"list":[{"code":0,"indent":0,"parameters":[]}],"name":"","switchId":1,"trigger":0},
{"id":48,"list":[{"code":0,"indent":0,"parameters":[]}],"name":"","switchId":1,"trigger":0},
{"id":49,"list":[{"code":0,"indent":0,"parameters":[]}],"name":"","switchId":1,"trigger":0},
{"id":50,"list":[{"code":0,"indent":0,"parameters":[]}],"name":"","switchId":1,"trigger":0}
]