[
null,
{"id":1,"actions":[{"conditionParam1":0,"conditionParam2":0,"conditionType":0,"rating":5,"skillId":1},{"skillId":20,"rating":5,"conditionType":0,"conditionParam1":0,"conditionParam2":0}],"battlerHue":0,"battlerName":"Goblin","dropItems":[{"dataId":1,"denominator":1,"kind":0},{"dataId":1,"denominator":1,"kind":0},{"dataId":1,"denominator":1,"kind":0}],"exp":10,"traits":[{"code":22,"dataId":0,"value":0.95},{"code":22,"dataId":1,"value":0.05},{"code":31,"dataId":1,"value":0}],"gold":5,"name":"Goblin","note":"<Element: Fire>\n<Element Absorb: Fire>\n<Element Absorb: Darkness>\n\n<Random Gender>\nMale: 60\nFemale: 40\n</Random Gender>\n\n<Random Variant>\n Mighty: 10\n Major: 20\n Greater: 30\n Normal: 40\n Lesser: 30\n Minor: 20\n Puny: 10\n</Random Variant>\n\n<Male Battler Hue: 120>","params":[200,0,25,20,20,20,20,20]},
{"id":2,"actions":[{"conditionParam1":0,"conditionParam2":0,"conditionType":0,"rating":5,"skillId":1},{"skillId":23,"rating":3,"conditionType":1,"conditionParam1":0,"conditionParam2":2}],"battlerHue":0,"battlerName":"Gnome","dropItems":[{"dataId":1,"denominator":1,"kind":0},{"dataId":1,"denominator":1,"kind":0},{"dataId":1,"denominator":1,"kind":0}],"exp":10,"traits":[{"code":22,"dataId":0,"value":0.95},{"code":22,"dataId":1,"value":0.05},{"code":31,"dataId":1,"value":0}],"gold":8,"name":"Gnome","note":"<Element: Earth>\n<Element Absorb: Earth>\n\n<Random Gender>\nMale: 50\nFemale: 50\n</Random Gender>\n\n<Random Variant>\n Mighty: 10\n Major: 20\n Greater: 30\n Normal: 40\n Lesser: 30\n Minor: 20\n Puny: 10\n</Random Variant>\n\n<Male Battler Hue: 100>","params":[250,0,20,25,20,20,20,20]},
{"id":3,"actions":[{"conditionParam1":0,"conditionParam2":0,"conditionType":0,"rating":5,"skillId":1}],"battlerHue":0,"battlerName":"Crow","dropItems":[{"dataId":1,"denominator":1,"kind":0},{"dataId":1,"denominator":1,"kind":0},{"dataId":1,"denominator":1,"kind":0}],"exp":15,"traits":[{"code":22,"dataId":0,"value":0.95},{"code":22,"dataId":1,"value":0.1},{"code":31,"dataId":1,"value":0}],"gold":8,"name":"Crow","note":"<Element: Wind>\n\n<Random Gender>\nMale: 30\nFemale: 70\n</Random Gender>\n\n<Random Variant>\n Mighty: 10\n Major: 20\n Greater: 30\n Normal: 40\n Lesser: 30\n Minor: 20\n Puny: 10\n</Random Variant>\n\n<Male Battler Hue: 140>","params":[250,50,25,20,20,20,25,20]},
{"id":4,"actions":[{"conditionParam1":0,"conditionParam2":0,"conditionType":0,"rating":5,"skillId":1},{"skillId":52,"rating":4,"conditionType":2,"conditionParam1":0,"conditionParam2":0.3}],"battlerHue":0,"battlerName":"Treant","dropItems":[{"dataId":1,"denominator":1,"kind":0},{"dataId":1,"denominator":1,"kind":0},{"dataId":1,"denominator":1,"kind":0}],"exp":30,"traits":[{"code":22,"dataId":0,"value":0.95},{"code":22,"dataId":1,"value":0.05},{"code":31,"dataId":1,"value":0}],"gold":15,"name":"Treant","note":"<Element: Wind>\n\n<Random Variant>\n Mighty: 10\n Major: 20\n Greater: 30\n Normal: 40\n Lesser: 30\n Minor: 20\n Puny: 10\n</Random Variant>","params":[5000,50,30,20,30,30,30,30]},
{"id":5,"actions":[{"conditionParam1":0,"conditionParam2":0,"conditionType":0,"rating":5,"skillId":1},{"skillId":99,"rating":4,"conditionType":1,"conditionParam1":0,"conditionParam2":2},{"skillId":13,"rating":6,"conditionType":2,"conditionParam1":0,"conditionParam2":0.3}],"battlerHue":0,"battlerName":"Hi_monster","dropItems":[{"dataId":1,"denominator":1,"kind":0},{"dataId":1,"denominator":1,"kind":0},{"dataId":1,"denominator":1,"kind":0}],"exp":100,"traits":[{"code":22,"dataId":0,"value":0.95},{"code":22,"dataId":1,"value":0.05},{"code":31,"dataId":1,"value":0},{"code":63,"dataId":1,"value":1}],"gold":50,"name":"Some Boss Monster","note":"<Element: Darkness>","params":[3000,50,40,20,40,40,40,40]},
{"id":6,"actions":[{"conditionParam1":0,"conditionParam2":0,"conditionType":0,"rating":5,"skillId":1}],"battlerHue":0,"battlerName":"","dropItems":[{"dataId":1,"denominator":1,"kind":0},{"dataId":1,"denominator":1,"kind":0},{"dataId":1,"denominator":1,"kind":0}],"exp":0,"traits":[{"code":22,"dataId":0,"value":0.95},{"code":22,"dataId":1,"value":0.05},{"code":31,"dataId":1,"value":0}],"gold":0,"name":"","note":"","params":[100,0,10,10,10,10,10,10]},
{"id":7,"actions":[{"conditionParam1":0,"conditionParam2":0,"conditionType":0,"rating":5,"skillId":1}],"battlerHue":0,"battlerName":"","dropItems":[{"dataId":1,"denominator":1,"kind":0},{"dataId":1,"denominator":1,"kind":0},{"dataId":1,"denominator":1,"kind":0}],"exp":0,"traits":[{"code":22,"dataId":0,"value":0.95},{"code":22,"dataId":1,"value":0.05},{"code":31,"dataId":1,"value":0}],"gold":0,"name":"-----Sample Project","note":"","params":[100,0,10,10,10,10,10,10]},
{"id":8,"actions":[{"conditionParam1":0,"conditionParam2":0,"conditionType":0,"rating":5,"skillId":1},{"skillId":71,"rating":5,"conditionType":0,"conditionParam1":0,"conditionParam2":0},{"skillId":84,"rating":5,"conditionType":0,"conditionParam1":0,"conditionParam2":0},{"skillId":99,"rating":5,"conditionType":0,"conditionParam1":0,"conditionParam2":0},{"skillId":107,"rating":5,"conditionType":0,"conditionParam1":0,"conditionParam2":0},{"skillId":115,"rating":5,"conditionType":0,"conditionParam1":0,"conditionParam2":0},{"skillId":123,"rating":5,"conditionType":0,"conditionParam1":0,"conditionParam2":0},{"skillId":129,"rating":5,"conditionType":0,"conditionParam1":0,"conditionParam2":0},{"skillId":135,"rating":5,"conditionType":0,"conditionParam1":0,"conditionParam2":0},{"skillId":141,"rating":5,"conditionType":0,"conditionParam1":0,"conditionParam2":0},{"skillId":147,"rating":5,"conditionType":0,"conditionParam1":0,"conditionParam2":0},{"skillId":153,"rating":5,"conditionType":0,"conditionParam1":0,"conditionParam2":0}],"battlerHue":0,"battlerName":"Gnome","dropItems":[{"dataId":1,"denominator":1,"kind":0},{"dataId":1,"denominator":1,"kind":0},{"dataId":1,"denominator":1,"kind":0}],"exp":0,"traits":[{"code":22,"dataId":0,"value":0.95},{"code":22,"dataId":1,"value":0.05},{"code":31,"dataId":1,"value":0}],"gold":0,"name":"SV Enemy","note":"<Sideview Battlers>\nActor1_1\nActor1_2\nActor1_3\nActor1_4\nActor1_5\nActor1_6\nActor1_7\nActor1_8\nActor2_1\nActor2_2\nActor2_3\nActor2_4\nActor2_5\nActor2_6\nActor2_7\nActor2_8\nActor3_5\nActor3_6\nActor3_7\nActor3_8\n</Sideview Battlers>","params":[1000,9999,10,10,10,10,10,10]},
{"id":9,"actions":[{"conditionParam1":0,"conditionParam2":0,"conditionType":0,"rating":5,"skillId":1}],"battlerHue":0,"battlerName":"Undine","dropItems":[{"dataId":1,"denominator":1,"kind":0},{"dataId":1,"denominator":1,"kind":0},{"dataId":1,"denominator":1,"kind":0}],"exp":0,"traits":[{"code":22,"dataId":0,"value":0.95},{"code":22,"dataId":1,"value":0.05},{"code":31,"dataId":1,"value":0}],"gold":0,"name":"Swap Enemy","note":"<Swap Enemies>\nGoblin: 5.5\nGnome: 5.0\nCrow: 5\nTreant: 5\n</Swap Enemies>","params":[100,0,10,10,10,10,10,10]},
{"id":10,"actions":[],"battlerHue":0,"battlerName":"Foxman","dropItems":[{"dataId":1,"denominator":1,"kind":0},{"dataId":1,"denominator":1,"kind":0},{"dataId":1,"denominator":1,"kind":0}],"exp":10,"traits":[{"code":22,"dataId":0,"value":0.95},{"code":22,"dataId":1,"value":0.05},{"code":31,"dataId":1,"value":0}],"gold":0,"name":"Youko","note":"","params":[1,0,0,0,0,0,0,0]}
]