[
null,
{"id":1,"expanded":false,"name":"Debug Room","order":1,"parentId":0,"scrollX":811,"scrollY":461},
{"id":2,"expanded":true,"name":"Hub Town","order":2,"parentId":0,"scrollX":819,"scrollY":1019},
{"id":3,"expanded":false,"name":"Battle Arena","order":3,"parentId":2,"scrollX":811,"scrollY":1229},
{"id":4,"expanded":false,"name":"Inn","order":4,"parentId":2,"scrollX":811,"scrollY":527},
{"id":5,"expanded":false,"name":"Shopping","order":5,"parentId":2,"scrollX":811,"scrollY":461},
{"id":6,"expanded":false,"name":"Icon Museum","order":6,"parentId":2,"scrollX":819,"scrollY":577},
{"id":7,"expanded":false,"name":"Plugin Library","order":7,"parentId":2,"scrollX":811,"scrollY":461},
{"id":8,"expanded":true,"name":"Tileset Center","order":8,"parentId":2,"scrollX":819,"scrollY":624},
{"id":9,"expanded":false,"name":"Cave Samples","order":9,"parentId":8,"scrollX":928,"scrollY":590}
]