[
null,
{"id":1,"members":[{"enemyId":1,"x":402,"y":280,"hidden":false},{"enemyId":1,"x":276,"y":367,"hidden":false},{"enemyId":1,"x":189,"y":313,"hidden":true}],"name":"Goblin x2","pages":[{"conditions":{"actorHp":50,"actorId":1,"actorValid":false,"enemyHp":50,"enemyIndex":0,"enemyValid":false,"switchId":1,"switchValid":false,"turnA":0,"turnB":0,"turnEnding":false,"turnValid":true},"list":[{"code":108,"indent":0,"parameters":["Each Troops entry will have a copy of this Troop's page events."]},{"code":408,"indent":0,"parameters":["You can change this setting from here:"]},{"code":408,"indent":0,"parameters":[""]},{"code":408,"indent":0,"parameters":["VisuMZ_1_BattleCore"]},{"code":408,"indent":0,"parameters":["> Mechanics Settings > Base Troop > Base Troop ID's"]},{"code":408,"indent":0,"parameters":[" "]},{"code":111,"indent":0,"parameters":[12,"BattleManager.isBattleTest()"]},{"code":108,"indent":1,"parameters":[" "]},{"code":408,"indent":1,"parameters":["If a battle test goes on, run the following event commands"]},{"code":408,"indent":1,"parameters":["inside of this Conditional Branch."]},{"code":408,"indent":1,"parameters":[" "]},{"code":326,"indent":1,"parameters":[0,0,0,0,50]},{"code":125,"indent":1,"parameters":[0,0,9999999]},{"code":0,"indent":1,"parameters":[]},{"code":412,"indent":0,"parameters":[]},{"code":0,"indent":0,"parameters":[]}],"span":0}]},
{"id":2,"members":[{"enemyId":2,"x":310,"y":352,"hidden":false},{"enemyId":2,"x":474,"y":289,"hidden":false}],"name":"Gnome x2","pages":[{"conditions":{"actorHp":50,"actorId":1,"actorValid":false,"enemyHp":50,"enemyIndex":0,"enemyValid":false,"switchId":1,"switchValid":false,"turnA":0,"turnB":0,"turnEnding":false,"turnValid":false},"list":[{"code":0,"indent":0,"parameters":[]}],"span":0}]},
{"id":3,"members":[{"enemyId":3,"x":283,"y":388,"hidden":false},{"enemyId":3,"x":569,"y":346,"hidden":false}],"name":"Crow x2","pages":[{"conditions":{"actorHp":50,"actorId":1,"actorValid":false,"enemyHp":50,"enemyIndex":0,"enemyValid":false,"switchId":1,"switchValid":false,"turnA":0,"turnB":0,"turnEnding":false,"turnValid":false},"list":[{"code":0,"indent":0,"parameters":[]}],"span":0}]},
{"id":4,"members":[{"enemyId":4,"x":375,"y":388,"hidden":false}],"name":"Treant","pages":[{"conditions":{"actorHp":50,"actorId":1,"actorValid":false,"enemyHp":50,"enemyIndex":0,"enemyValid":false,"switchId":1,"switchValid":false,"turnA":0,"turnB":0,"turnEnding":false,"turnValid":false},"list":[{"code":0,"indent":0,"parameters":[]}],"span":0}]},
{"id":5,"members":[{"enemyId":5,"x":408,"y":436,"hidden":false}],"name":"Some Boss Monster","pages":[{"conditions":{"actorHp":50,"actorId":1,"actorValid":false,"enemyHp":50,"enemyIndex":0,"enemyValid":false,"switchId":1,"switchValid":false,"turnA":0,"turnB":0,"turnEnding":false,"turnValid":false},"list":[{"code":0,"indent":0,"parameters":[]}],"span":0}]},
{"id":6,"members":[],"name":"","pages":[{"conditions":{"actorHp":50,"actorId":1,"actorValid":false,"enemyHp":50,"enemyIndex":0,"enemyValid":false,"switchId":1,"switchValid":false,"turnA":0,"turnB":0,"turnEnding":false,"turnValid":false},"list":[{"code":0,"indent":0,"parameters":[]}],"span":0}]},
{"id":7,"members":[{"enemyId":8,"x":560,"y":272,"hidden":false},{"enemyId":8,"x":512,"y":320,"hidden":false},{"enemyId":8,"x":464,"y":368,"hidden":false},{"enemyId":8,"x":416,"y":416,"hidden":false},{"enemyId":8,"x":240,"y":256,"hidden":false},{"enemyId":8,"x":192,"y":304,"hidden":false},{"enemyId":8,"x":144,"y":352,"hidden":false},{"enemyId":8,"x":96,"y":400,"hidden":false}],"name":"-----Sample Project","pages":[{"conditions":{"actorHp":50,"actorId":1,"actorValid":false,"enemyHp":50,"enemyIndex":0,"enemyValid":false,"switchId":1,"switchValid":false,"turnA":0,"turnB":0,"turnEnding":false,"turnValid":false},"list":[{"code":0,"indent":0,"parameters":[]}],"span":0}]},
{"id":8,"members":[{"enemyId":8,"x":512,"y":272,"hidden":false},{"enemyId":8,"x":464,"y":320,"hidden":false},{"enemyId":8,"x":416,"y":368,"hidden":false},{"enemyId":8,"x":368,"y":416,"hidden":false},{"enemyId":8,"x":352,"y":256,"hidden":false},{"enemyId":8,"x":304,"y":304,"hidden":false},{"enemyId":8,"x":256,"y":352,"hidden":false},{"enemyId":8,"x":208,"y":400,"hidden":false}],"name":"Sideview Enemies","pages":[{"conditions":{"actorHp":50,"actorId":1,"actorValid":false,"enemyHp":50,"enemyIndex":0,"enemyValid":false,"switchId":1,"switchValid":false,"turnA":0,"turnB":0,"turnEnding":false,"turnValid":false},"list":[{"code":0,"indent":0,"parameters":[]}],"span":0}]},
{"id":9,"members":[{"enemyId":9,"x":528,"y":288,"hidden":false},{"enemyId":9,"x":288,"y":211,"hidden":false},{"enemyId":9,"x":144,"y":352,"hidden":false},{"enemyId":9,"x":400,"y":444,"hidden":false}],"name":"Swap Enemies","pages":[{"conditions":{"actorHp":50,"actorId":1,"actorValid":false,"enemyHp":50,"enemyIndex":0,"enemyValid":false,"switchId":1,"switchValid":false,"turnA":0,"turnB":0,"turnEnding":false,"turnValid":false},"list":[{"code":0,"indent":0,"parameters":[]}],"span":0}]},
{"id":10,"members":[{"enemyId":10,"x":348,"y":343,"hidden":false}],"name":"Youko","pages":[{"conditions":{"actorHp":50,"actorId":1,"actorValid":false,"enemyHp":50,"enemyIndex":0,"enemyValid":false,"switchId":1,"switchValid":false,"turnA":0,"turnB":0,"turnEnding":false,"turnValid":false},"list":[{"code":0,"indent":0,"parameters":[]}],"span":0}]}
]